Puntuaci√≥n natural,DC,SE,RD,CD,CL,VB,NL,MT,CM,BS,FI,RG,IN,AR,PC,Edad (meses)
0,1.0,2.0,1.0,1.0,1.0,1.0,2.0,1.0,1.0,1.0,1.0,1,1.0,1.0,1.0,72
1,2.0,3.0,2.0,2.0,1.0,1.0,3.0,2.0,1.0,2.0,2.0,1,2.0,2.0,2.0,72
2,3.0,4.0,2.0,3.0,1.0,2.0,4.0,3.0,2.0,3.0,3.0,1,3.0,3.0,3.0,72
3,4.0,5.0,3.0,4.0,1.0,3.0,5.0,4.0,3.0,4.0,4.0,1,4.0,4.0,4.0,72
4,5.0,6.0,4.0,5.0,2.0,4.0,6.0,5.0,4.0,5.0,4.0,1,5.0,5.0,5.0,72
5,6.0,7.0,5.0,6.0,2.0,5.0,7.0,6.0,5.0,6.0,5.0,1,6.0,6.0,6.0,72
6,7.0,8.0,6.0,7.0,3.0,5.0,8.0,7.0,6.0,7.0,5.0,1,6.0,7.0,7.0,72
7,8.0,9.0,7.0,8.0,3.0,6.0,9.0,8.0,7.0,7.0,6.0,2,7.0,8.0,8.0,72
8,8.0,10.0,8.0,9.0,4.0,6.0,10.0,8.0,8.0,8.0,7.0,2,8.0,8.0,9.0,72
9,9.0,11.0,9.0,10.0,4.0,7.0,11.0,9.0,8.0,8.0,7.0,2,9.0,8.0,10.0,72
10,9.0,12.0,9.0,11.0,4.0,7.0,11.0,10.0,9.0,8.0,8.0,2,10.0,9.0,11.0,72
11,10.0,12.0,10.0,12.0,4.0,8.0,11.0,10.0,9.0,9.0,8.0,2,11.0,10.0,12.0,72
12,10.0,13.0,11.0,12.0,5.0,8.0,12.0,11.0,10.0,9.0,9.0,3,12.0,10.0,13.0,72
13,11.0,13.0,12.0,13.0,5.0,9.0,12.0,11.0,11.0,9.0,9.0,3,13.0,11.0,14.0,72
14,11.0,14.0,13.0,14.0,5.0,9.0,13.0,12.0,11.0,10.0,10.0,3,14.0,12.0,15.0,72
15,11.0,14.0,14.0,14.0,6.0,9.0,14.0,12.0,11.0,10.0,10.0,3,15.0,12.0,16.0,72
16,12.0,15.0,15.0,15.0,6.0,10.0,15.0,13.0,12.0,10.0,11.0,4,16.0,12.0,17.0,72
17,12.0,15.0,16.0,16.0,6.0,11.0,16.0,14.0,12.0,11.0,11.0,4,17.0,13.0,18.0,72
18,12.0,16.0,17.0,16.0,7.0,11.0,17.0,15.0,12.0,11.0,12.0,4,18.0,14.0,19.0,72
19,12.0,16.0,18.0,17.0,7.0,12.0,18.0,16.0,12.0,11.0,12.0,4,19.0,15.0,19.0,72
20,12.0,17.0,19.0,18.0,7.0,12.0,19.0,17.0,13.0,12.0,13.0,5,19.0,16.0,19.0,72
21,13.0,17.0,19.0,19.0,7.0,13.0,19.0,18.0,14.0,12.0,14.0,5,19.0,17.0,19.0,72
22,13.0,18.0,19.0,19.0,8.0,13.0,19.0,19.0,15.0,12.0,14.0,5,19.0,18.0,19.0,72
23,14.0,18.0,19.0,19.0,8.0,14.0,19.0,19.0,16.0,12.0,15.0,5,19.0,19.0,19.0,72
24,14.0,19.0,19.0,19.0,8.0,14.0,19.0,19.0,17.0,13.0,16.0,5,19.0,19.0,19.0,72
25,14.0,19.0,19.0,19.0,8.0,15.0,19.0,19.0,18.0,13.0,17.0,6,19.0,19.0,,72
26,14.0,19.0,19.0,19.0,8.0,15.0,19.0,19.0,19.0,14.0,18.0,6,19.0,19.0,,72
27,15.0,19.0,19.0,19.0,9.0,16.0,19.0,19.0,19.0,14.0,18.0,6,19.0,19.0,,72
28,15.0,19.0,19.0,19.0,9.0,17.0,19.0,19.0,19.0,14.0,19.0,7,19.0,19.0,,72
29,15.0,19.0,19.0,,9.0,18.0,19.0,19.0,19.0,15.0,19.0,7,19.0,19.0,,72
30,15.0,19.0,19.0,,9.0,19.0,19.0,19.0,19.0,15.0,19.0,7,19.0,19.0,,72
31,15.0,19.0,19.0,,9.0,19.0,,19.0,19.0,15.0,19.0,7,19.0,19.0,,72
32,15.0,19.0,19.0,,10.0,19.0,,19.0,19.0,16.0,19.0,8,19.0,19.0,,72
33,16.0,19.0,,,10.0,19.0,,19.0,19.0,16.0,19.0,8,19.0,19.0,,72
34,16.0,19.0,,,10.0,19.0,,19.0,19.0,17.0,19.0,8,,19.0,,72
35,16.0,19.0,,,10.0,19.0,,19.0,19.0,17.0,19.0,8,,,,72
36,16.0,19.0,,,10.0,19.0,,,19.0,17.0,19.0,8,,,,72
37,16.0,19.0,,,11.0,19.0,,,19.0,18.0,19.0,8,,,,72
38,16.0,19.0,,,11.0,19.0,,,19.0,18.0,19.0,8,,,,72
39,17.0,19.0,,,11.0,19.0,,,19.0,18.0,,8,,,,72
40,17.0,19.0,,,11.0,19.0,,,19.0,19.0,,9,,,,72
41,17.0,19.0,,,12.0,19.0,,,19.0,19.0,,9,,,,72
42,17.0,19.0,,,12.0,19.0,,,19.0,19.0,,9,,,,72
43,18.0,19.0,,,12.0,19.0,,,,19.0,,9,,,,72
44,18.0,19.0,,,12.0,19.0,,,,19.0,,9,,,,72
45,18.0,,,,13.0,19.0,,,,19.0,,9,,,,72
46,18.0,,,,13.0,19.0,,,,,,9,,,,72
47,18.0,,,,13.0,19.0,,,,,,10,,,,72
48,18.0,,,,13.0,19.0,,,,,,10,,,,72
49,18.0,,,,13.0,19.0,,,,,,10,,,,72
50,18.0,,,,14.0,19.0,,,,,,10,,,,72
51,19.0,,,,14.0,19.0,,,,,,10,,,,72
52,19.0,,,,14.0,19.0,,,,,,10,,,,72
53,19.0,,,,14.0,19.0,,,,,,11,,,,72
54,19.0,,,,14.0,19.0,,,,,,11,,,,72
55,19.0,,,,14.0,19.0,,,,,,11,,,,72
56,19.0,,,,15.0,19.0,,,,,,11,,,,72
57,19.0,,,,15.0,19.0,,,,,,11,,,,72
58,19.0,,,,15.0,19.0,,,,,,11,,,,72
59,19.0,,,,15.0,19.0,,,,,,11,,,,72
60,19.0,,,,16.0,19.0,,,,,,11,,,,72
61,19.0,,,,16.0,19.0,,,,,,12,,,,72
62,19.0,,,,17.0,19.0,,,,,,12,,,,72
63,19.0,,,,17.0,19.0,,,,,,12,,,,72
64,19.0,,,,18.0,19.0,,,,,,12,,,,72
65,19.0,,,,19.0,19.0,,,,,,12,,,,72
66,19.0,,,,,19.0,,,,,,12,,,,72
67,19.0,,,,,19.0,,,,,,13,,,,72
68,19.0,,,,,19.0,,,,,,13,,,,72
69,,,,,,,,,,,,13,,,,72
70,,,,,,,,,,,,13,,,,72
71,,,,,,,,,,,,13,,,,72
72,,,,,,,,,,,,13,,,,72
73,,,,,,,,,,,,14,,,,72
74,,,,,,,,,,,,14,,,,72
75,,,,,,,,,,,,14,,,,72
76,,,,,,,,,,,,14,,,,72
77,,,,,,,,,,,,14,,,,72
78,,,,,,,,,,,,14,,,,72
79,,,,,,,,,,,,14,,,,72
80,,,,,,,,,,,,14,,,,72
81,,,,,,,,,,,,15,,,,72
82,,,,,,,,,,,,15,,,,72
83,,,,,,,,,,,,15,,,,72
84,,,,,,,,,,,,15,,,,72
85,,,,,,,,,,,,15,,,,72
86,,,,,,,,,,,,16,,,,72
87,,,,,,,,,,,,16,,,,72
88,,,,,,,,,,,,17,,,,72
89,,,,,,,,,,,,18,,,,72
90,,,,,,,,,,,,19,,,,72
91,,,,,,,,,,,,19,,,,72
92,,,,,,,,,,,,19,,,,72
93,,,,,,,,,,,,19,,,,72
94,,,,,,,,,,,,19,,,,72
95,,,,,,,,,,,,19,,,,72
96,,,,,,,,,,,,19,,,,72
97,,,,,,,,,,,,19,,,,72
98,,,,,,,,,,,,19,,,,72
99,,,,,,,,,,,,19,,,,72
100,,,,,,,,,,,,19,,,,72
101,,,,,,,,,,,,19,,,,72
102,,,,,,,,,,,,19,,,,72
103,,,,,,,,,,,,19,,,,72
104,,,,,,,,,,,,19,,,,72
105,,,,,,,,,,,,19,,,,72
106,,,,,,,,,,,,19,,,,72
107,,,,,,,,,,,,19,,,,72
108,,,,,,,,,,,,19,,,,72
109,,,,,,,,,,,,19,,,,72
110,,,,,,,,,,,,19,,,,72
111,,,,,,,,,,,,19,,,,72
112,,,,,,,,,,,,19,,,,72
113,,,,,,,,,,,,19,,,,72
114,,,,,,,,,,,,19,,,,72
115,,,,,,,,,,,,19,,,,72
116,,,,,,,,,,,,19,,,,72
117,,,,,,,,,,,,19,,,,72
118,,,,,,,,,,,,19,,,,72
119,,,,,,,,,,,,19,,,,72
120,,,,,,,,,,,,19,,,,72
121,,,,,,,,,,,,19,,,,72
122,,,,,,,,,,,,19,,,,72
123,,,,,,,,,,,,19,,,,72
124,,,,,,,,,,,,19,,,,72
125,,,,,,,,,,,,19,,,,72
126,,,,,,,,,,,,19,,,,72
127,,,,,,,,,,,,19,,,,72
128,,,,,,,,,,,,19,,,,72
129,,,,,,,,,,,,19,,,,72
130,,,,,,,,,,,,19,,,,72
131,,,,,,,,,,,,19,,,,72
132,,,,,,,,,,,,19,,,,72
133,,,,,,,,,,,,19,,,,72
134,,,,,,,,,,,,19,,,,72
135,,,,,,,,,,,,19,,,,72
136,,,,,,,,,,,,19,,,,72
0,1.0,2.0,1.0,1.0,1.0,1.0,2.0,1.0,1.0,1.0,1.0,1,1.0,1.0,1.0,76
1,2.0,3.0,1.0,2.0,1.0,1.0,3.0,2.0,1.0,1.0,2.0,1,2.0,2.0,2.0,76
2,3.0,4.0,1.0,3.0,1.0,2.0,4.0,3.0,2.0,2.0,3.0,1,3.0,3.0,3.0,76
3,4.0,5.0,2.0,4.0,1.0,3.0,5.0,4.0,3.0,3.0,4.0,1,4.0,4.0,4.0,76
4,5.0,6.0,3.0,5.0,2.0,4.0,6.0,5.0,4.0,4.0,4.0,1,5.0,5.0,5.0,76
5,5.0,6.0,5.0,6.0,2.0,5.0,7.0,6.0,5.0,5.0,5.0,1,6.0,6.0,6.0,76
6,6.0,7.0,6.0,7.0,3.0,5.0,8.0,7.0,6.0,5.0,5.0,1,7.0,6.0,7.0,76
7,7.0,8.0,7.0,8.0,3.0,5.0,8.0,7.0,6.0,6.0,6.0,2,8.0,7.0,8.0,76
8,8.0,8.0,8.0,8.0,4.0,6.0,9.0,8.0,7.0,6.0,7.0,2,9.0,8.0,9.0,76
9,8.0,9.0,9.0,9.0,4.0,6.0,9.0,8.0,8.0,7.0,7.0,2,9.0,8.0,10.0,76
10,9.0,10.0,9.0,9.0,4.0,6.0,10.0,9.0,8.0,7.0,8.0,2,10.0,9.0,11.0,76
11,9.0,11.0,10.0,10.0,4.0,7.0,11.0,10.0,9.0,7.0,8.0,2,11.0,9.0,12.0,76
12,9.0,12.0,11.0,11.0,5.0,7.0,11.0,11.0,9.0,8.0,9.0,3,12.0,10.0,13.0,76
13,10.0,12.0,12.0,12.0,5.0,8.0,12.0,11.0,10.0,8.0,9.0,3,13.0,10.0,14.0,76
14,10.0,13.0,13.0,13.0,5.0,8.0,12.0,12.0,11.0,8.0,9.0,3,14.0,10.0,15.0,76
15,11.0,13.0,14.0,14.0,5.0,8.0,13.0,12.0,11.0,9.0,10.0,3,15.0,11.0,16.0,76
16,11.0,14.0,15.0,15.0,6.0,9.0,14.0,13.0,11.0,9.0,11.0,4,16.0,12.0,17.0,76
17,11.0,14.0,16.0,16.0,6.0,9.0,15.0,13.0,12.0,10.0,11.0,4,17.0,13.0,18.0,76
18,11.0,15.0,17.0,16.0,6.0,10.0,16.0,14.0,12.0,10.0,12.0,4,18.0,14.0,19.0,76
19,11.0,15.0,18.0,17.0,6.0,10.0,17.0,15.0,12.0,10.0,12.0,4,19.0,15.0,19.0,76
20,12.0,16.0,19.0,18.0,6.0,10.0,18.0,16.0,13.0,10.0,12.0,5,19.0,16.0,19.0,76
21,12.0,16.0,19.0,19.0,6.0,11.0,19.0,17.0,14.0,11.0,13.0,5,19.0,17.0,19.0,76
22,12.0,17.0,19.0,19.0,6.0,11.0,19.0,18.0,15.0,11.0,14.0,5,19.0,18.0,19.0,76
23,13.0,17.0,19.0,19.0,6.0,12.0,19.0,19.0,16.0,12.0,15.0,5,19.0,19.0,19.0,76
24,13.0,18.0,19.0,19.0,7.0,13.0,19.0,19.0,17.0,12.0,16.0,5,19.0,19.0,19.0,76
25,13.0,18.0,19.0,19.0,7.0,14.0,19.0,19.0,18.0,12.0,17.0,6,19.0,19.0,,76
26,14.0,19.0,19.0,19.0,8.0,15.0,19.0,19.0,19.0,13.0,18.0,6,19.0,19.0,,76
27,14.0,19.0,19.0,19.0,8.0,16.0,19.0,19.0,19.0,13.0,18.0,6,19.0,19.0,,76
28,14.0,19.0,19.0,19.0,8.0,17.0,19.0,19.0,19.0,14.0,19.0,6,19.0,19.0,,76
29,14.0,19.0,19.0,,8.0,18.0,19.0,19.0,19.0,14.0,19.0,6,19.0,19.0,,76
30,15.0,19.0,19.0,,9.0,19.0,19.0,19.0,19.0,15.0,19.0,7,19.0,19.0,,76
31,15.0,19.0,19.0,,9.0,19.0,,19.0,19.0,15.0,19.0,7,19.0,19.0,,76
32,15.0,19.0,19.0,,9.0,19.0,,19.0,19.0,16.0,19.0,7,19.0,19.0,,76
33,15.0,19.0,,,9.0,19.0,,19.0,19.0,16.0,19.0,7,19.0,19.0,,76
34,15.0,19.0,,,10.0,19.0,,19.0,19.0,17.0,19.0,8,,19.0,,76
35,16.0,19.0,,,10.0,19.0,,19.0,19.0,17.0,19.0,8,,,,76
36,16.0,19.0,,,10.0,19.0,,,19.0,17.0,19.0,8,,,,76
37,16.0,19.0,,,11.0,19.0,,,19.0,18.0,19.0,8,,,,76
38,16.0,19.0,,,11.0,19.0,,,19.0,18.0,19.0,8,,,,76
39,16.0,19.0,,,11.0,19.0,,,19.0,18.0,,8,,,,76
40,17.0,19.0,,,11.0,19.0,,,19.0,19.0,,9,,,,76
41,17.0,19.0,,,11.0,19.0,,,19.0,19.0,,9,,,,76
42,17.0,19.0,,,11.0,19.0,,,19.0,19.0,,9,,,,76
43,17.0,19.0,,,12.0,19.0,,,,19.0,,9,,,,76
44,18.0,19.0,,,12.0,19.0,,,,19.0,,9,,,,76
45,18.0,,,,12.0,19.0,,,,19.0,,9,,,,76
46,18.0,,,,12.0,19.0,,,,,,9,,,,76
47,18.0,,,,12.0,19.0,,,,,,9,,,,76
48,18.0,,,,12.0,19.0,,,,,,9,,,,76
49,18.0,,,,13.0,19.0,,,,,,10,,,,76
50,18.0,,,,13.0,19.0,,,,,,10,,,,76
51,19.0,,,,13.0,19.0,,,,,,10,,,,76
52,19.0,,,,13.0,19.0,,,,,,10,,,,76
53,19.0,,,,14.0,19.0,,,,,,10,,,,76
54,19.0,,,,14.0,19.0,,,,,,10,,,,76
55,19.0,,,,14.0,19.0,,,,,,11,,,,76
56,19.0,,,,14.0,19.0,,,,,,11,,,,76
57,19.0,,,,15.0,19.0,,,,,,11,,,,76
58,19.0,,,,15.0,19.0,,,,,,11,,,,76
59,19.0,,,,15.0,19.0,,,,,,11,,,,76
60,19.0,,,,16.0,19.0,,,,,,11,,,,76
61,19.0,,,,16.0,19.0,,,,,,12,,,,76
62,19.0,,,,17.0,19.0,,,,,,12,,,,76
63,19.0,,,,17.0,19.0,,,,,,12,,,,76
64,19.0,,,,18.0,19.0,,,,,,12,,,,76
65,19.0,,,,19.0,19.0,,,,,,12,,,,76
66,19.0,,,,,19.0,,,,,,12,,,,76
67,19.0,,,,,19.0,,,,,,12,,,,76
68,19.0,,,,,19.0,,,,,,12,,,,76
69,,,,,,,,,,,,13,,,,76
70,,,,,,,,,,,,13,,,,76
71,,,,,,,,,,,,13,,,,76
72,,,,,,,,,,,,13,,,,76
73,,,,,,,,,,,,13,,,,76
74,,,,,,,,,,,,13,,,,76
75,,,,,,,,,,,,14,,,,76
76,,,,,,,,,,,,14,,,,76
77,,,,,,,,,,,,14,,,,76
78,,,,,,,,,,,,14,,,,76
79,,,,,,,,,,,,14,,,,76
80,,,,,,,,,,,,14,,,,76
81,,,,,,,,,,,,15,,,,76
82,,,,,,,,,,,,15,,,,76
83,,,,,,,,,,,,15,,,,76
84,,,,,,,,,,,,15,,,,76
85,,,,,,,,,,,,15,,,,76
86,,,,,,,,,,,,16,,,,76
87,,,,,,,,,,,,16,,,,76
88,,,,,,,,,,,,17,,,,76
89,,,,,,,,,,,,18,,,,76
90,,,,,,,,,,,,19,,,,76
91,,,,,,,,,,,,19,,,,76
92,,,,,,,,,,,,19,,,,76
93,,,,,,,,,,,,19,,,,76
94,,,,,,,,,,,,19,,,,76
95,,,,,,,,,,,,19,,,,76
96,,,,,,,,,,,,19,,,,76
97,,,,,,,,,,,,19,,,,76
98,,,,,,,,,,,,19,,,,76
99,,,,,,,,,,,,19,,,,76
100,,,,,,,,,,,,19,,,,76
101,,,,,,,,,,,,19,,,,76
102,,,,,,,,,,,,19,,,,76
103,,,,,,,,,,,,19,,,,76
104,,,,,,,,,,,,19,,,,76
105,,,,,,,,,,,,19,,,,76
106,,,,,,,,,,,,19,,,,76
107,,,,,,,,,,,,19,,,,76
108,,,,,,,,,,,,19,,,,76
109,,,,,,,,,,,,19,,,,76
110,,,,,,,,,,,,19,,,,76
111,,,,,,,,,,,,19,,,,76
112,,,,,,,,,,,,19,,,,76
113,,,,,,,,,,,,19,,,,76
114,,,,,,,,,,,,19,,,,76
115,,,,,,,,,,,,19,,,,76
116,,,,,,,,,,,,19,,,,76
117,,,,,,,,,,,,19,,,,76
118,,,,,,,,,,,,19,,,,76
119,,,,,,,,,,,,19,,,,76
120,,,,,,,,,,,,19,,,,76
121,,,,,,,,,,,,19,,,,76
122,,,,,,,,,,,,19,,,,76
123,,,,,,,,,,,,19,,,,76
124,,,,,,,,,,,,19,,,,76
125,,,,,,,,,,,,19,,,,76
126,,,,,,,,,,,,19,,,,76
127,,,,,,,,,,,,19,,,,76
128,,,,,,,,,,,,19,,,,76
129,,,,,,,,,,,,19,,,,76
130,,,,,,,,,,,,19,,,,76
131,,,,,,,,,,,,19,,,,76
132,,,,,,,,,,,,19,,,,76
133,,,,,,,,,,,,19,,,,76
134,,,,,,,,,,,,19,,,,76
135,,,,,,,,,,,,19,,,,76
136,,,,,,,,,,,,19,,,,76
0,1.0,2.0,1.0,1.0,1.0,1.0,1.0,1.0,1.0,1.0,1.0,1,1.0,1.0,1.0,80
1,2.0,3.0,1.0,2.0,1.0,1.0,2.0,2.0,1.0,2.0,2.0,1,2.0,2.0,2.0,80
2,3.0,4.0,2.0,3.0,1.0,2.0,3.0,3.0,2.0,3.0,3.0,1,3.0,3.0,3.0,80
3,4.0,5.0,3.0,4.0,1.0,3.0,4.0,4.0,3.0,3.0,4.0,1,4.0,4.0,4.0,80
4,5.0,6.0,4.0,5.0,2.0,4.0,5.0,5.0,4.0,4.0,4.0,1,5.0,5.0,5.0,80
5,5.0,6.0,5.0,6.0,2.0,4.0,6.0,6.0,5.0,4.0,5.0,1,6.0,6.0,6.0,80
6,6.0,7.0,6.0,7.0,3.0,5.0,7.0,6.0,6.0,5.0,5.0,1,6.0,6.0,7.0,80
7,7.0,8.0,6.0,8.0,3.0,5.0,8.0,7.0,6.0,5.0,6.0,2,6.0,6.0,8.0,80
8,8.0,8.0,7.0,9.0,4.0,6.0,8.0,8.0,7.0,5.0,6.0,2,7.0,6.0,9.0,80
9,8.0,9.0,8.0,9.0,4.0,6.0,9.0,8.0,8.0,6.0,6.0,2,8.0,7.0,10.0,80
10,9.0,9.0,9.0,10.0,4.0,6.0,9.0,9.0,8.0,6.0,6.0,2,9.0,8.0,11.0,80
11,9.0,10.0,10.0,11.0,4.0,6.0,10.0,10.0,9.0,6.0,7.0,2,10.0,9.0,12.0,80
12,9.0,11.0,11.0,11.0,5.0,6.0,10.0,10.0,9.0,7.0,8.0,3,11.0,10.0,13.0,80
13,9.0,11.0,12.0,12.0,5.0,7.0,11.0,11.0,10.0,7.0,9.0,3,12.0,10.0,14.0,80
14,10.0,12.0,13.0,13.0,5.0,8.0,11.0,12.0,11.0,7.0,9.0,3,13.0,10.0,14.0,80
15,10.0,12.0,14.0,14.0,6.0,8.0,12.0,12.0,11.0,8.0,10.0,3,14.0,11.0,15.0,80
16,10.0,12.0,15.0,15.0,6.0,8.0,13.0,13.0,11.0,8.0,11.0,4,15.0,12.0,16.0,80
17,11.0,13.0,16.0,16.0,6.0,9.0,14.0,14.0,12.0,8.0,11.0,4,16.0,13.0,17.0,80
18,11.0,14.0,17.0,16.0,7.0,9.0,15.0,15.0,12.0,9.0,12.0,4,17.0,14.0,18.0,80
19,11.0,14.0,18.0,17.0,7.0,9.0,16.0,16.0,13.0,9.0,12.0,4,18.0,15.0,19.0,80
20,11.0,15.0,19.0,18.0,7.0,10.0,17.0,17.0,14.0,10.0,13.0,5,19.0,16.0,19.0,80
21,12.0,15.0,19.0,19.0,7.0,11.0,18.0,18.0,14.0,10.0,14.0,5,19.0,17.0,19.0,80
22,12.0,16.0,19.0,19.0,8.0,12.0,19.0,18.0,15.0,10.0,15.0,5,19.0,18.0,19.0,80
23,12.0,16.0,19.0,19.0,8.0,12.0,19.0,18.0,16.0,10.0,16.0,5,19.0,19.0,19.0,80
24,13.0,17.0,19.0,19.0,8.0,13.0,19.0,19.0,17.0,11.0,16.0,5,19.0,19.0,19.0,80
25,14.0,17.0,19.0,19.0,8.0,14.0,19.0,19.0,18.0,11.0,17.0,6,19.0,19.0,,80
26,14.0,18.0,19.0,19.0,8.0,15.0,19.0,19.0,19.0,12.0,18.0,6,19.0,19.0,,80
27,14.0,18.0,19.0,19.0,9.0,15.0,19.0,19.0,19.0,12.0,18.0,6,19.0,19.0,,80
28,14.0,19.0,19.0,19.0,9.0,16.0,19.0,19.0,19.0,13.0,18.0,6,19.0,19.0,,80
29,14.0,19.0,19.0,,9.0,16.0,19.0,19.0,19.0,13.0,19.0,6,19.0,19.0,,80
30,15.0,19.0,19.0,,9.0,16.0,19.0,19.0,19.0,13.0,19.0,6,19.0,19.0,,80
31,15.0,19.0,19.0,,9.0,16.0,,19.0,19.0,14.0,19.0,6,19.0,19.0,,80
32,15.0,19.0,19.0,,10.0,17.0,,19.0,19.0,14.0,19.0,6,19.0,19.0,,80
33,15.0,19.0,,,10.0,17.0,,19.0,19.0,15.0,19.0,7,19.0,19.0,,80
34,15.0,19.0,,,10.0,18.0,,19.0,19.0,15.0,19.0,7,,19.0,,80
35,16.0,19.0,,,10.0,18.0,,19.0,19.0,16.0,19.0,7,,,,80
36,16.0,19.0,,,10.0,18.0,,,19.0,16.0,19.0,7,,,,80
37,16.0,19.0,,,11.0,18.0,,,19.0,17.0,19.0,7,,,,80
38,16.0,19.0,,,11.0,18.0,,,19.0,17.0,19.0,8,,,,80
39,16.0,19.0,,,11.0,18.0,,,19.0,18.0,,8,,,,80
40,17.0,19.0,,,11.0,19.0,,,19.0,18.0,,9,,,,80
41,17.0,19.0,,,12.0,19.0,,,19.0,19.0,,9,,,,80
42,17.0,19.0,,,12.0,19.0,,,19.0,19.0,,9,,,,80
43,17.0,19.0,,,12.0,19.0,,,,19.0,,9,,,,80
44,18.0,19.0,,,12.0,19.0,,,,19.0,,9,,,,80
45,18.0,,,,13.0,19.0,,,,19.0,,9,,,,80
46,18.0,,,,13.0,19.0,,,,,,9,,,,80
47,18.0,,,,13.0,19.0,,,,,,9,,,,80
48,18.0,,,,13.0,19.0,,,,,,9,,,,80
49,18.0,,,,13.0,19.0,,,,,,10,,,,80
50,18.0,,,,14.0,19.0,,,,,,10,,,,80
51,19.0,,,,14.0,19.0,,,,,,10,,,,80
52,19.0,,,,14.0,19.0,,,,,,10,,,,80
53,19.0,,,,14.0,19.0,,,,,,10,,,,80
54,19.0,,,,14.0,19.0,,,,,,10,,,,80
55,19.0,,,,14.0,19.0,,,,,,11,,,,80
56,19.0,,,,15.0,19.0,,,,,,11,,,,80
57,19.0,,,,15.0,19.0,,,,,,11,,,,80
58,19.0,,,,15.0,19.0,,,,,,11,,,,80
59,19.0,,,,15.0,19.0,,,,,,11,,,,80
60,19.0,,,,16.0,19.0,,,,,,11,,,,80
61,19.0,,,,16.0,19.0,,,,,,12,,,,80
62,19.0,,,,17.0,19.0,,,,,,12,,,,80
63,19.0,,,,17.0,19.0,,,,,,12,,,,80
64,19.0,,,,18.0,19.0,,,,,,12,,,,80
65,19.0,,,,19.0,19.0,,,,,,12,,,,80
66,19.0,,,,,19.0,,,,,,12,,,,80
67,19.0,,,,,19.0,,,,,,12,,,,80
68,19.0,,,,,19.0,,,,,,12,,,,80
69,,,,,,,,,,,,13,,,,80
70,,,,,,,,,,,,14,,,,80
71,,,,,,,,,,,,14,,,,80
72,,,,,,,,,,,,14,,,,80
73,,,,,,,,,,,,14,,,,80
74,,,,,,,,,,,,14,,,,80
75,,,,,,,,,,,,14,,,,80
76,,,,,,,,,,,,14,,,,80
77,,,,,,,,,,,,14,,,,80
78,,,,,,,,,,,,14,,,,80
79,,,,,,,,,,,,14,,,,80
80,,,,,,,,,,,,15,,,,80
81,,,,,,,,,,,,15,,,,80
82,,,,,,,,,,,,15,,,,80
83,,,,,,,,,,,,15,,,,80
84,,,,,,,,,,,,15,,,,80
85,,,,,,,,,,,,15,,,,80
86,,,,,,,,,,,,16,,,,80
87,,,,,,,,,,,,17,,,,80
88,,,,,,,,,,,,17,,,,80
89,,,,,,,,,,,,18,,,,80
90,,,,,,,,,,,,18,,,,80
91,,,,,,,,,,,,18,,,,80
92,,,,,,,,,,,,18,,,,80
93,,,,,,,,,,,,18,,,,80
94,,,,,,,,,,,,18,,,,80
95,,,,,,,,,,,,18,,,,80
96,,,,,,,,,,,,18,,,,80
97,,,,,,,,,,,,19,,,,80
98,,,,,,,,,,,,19,,,,80
99,,,,,,,,,,,,19,,,,80
100,,,,,,,,,,,,19,,,,80
101,,,,,,,,,,,,19,,,,80
102,,,,,,,,,,,,19,,,,80
103,,,,,,,,,,,,19,,,,80
104,,,,,,,,,,,,19,,,,80
105,,,,,,,,,,,,19,,,,80
106,,,,,,,,,,,,19,,,,80
107,,,,,,,,,,,,19,,,,80
108,,,,,,,,,,,,19,,,,80
109,,,,,,,,,,,,19,,,,80
110,,,,,,,,,,,,19,,,,80
111,,,,,,,,,,,,19,,,,80
112,,,,,,,,,,,,19,,,,80
113,,,,,,,,,,,,19,,,,80
114,,,,,,,,,,,,19,,,,80
115,,,,,,,,,,,,19,,,,80
116,,,,,,,,,,,,19,,,,80
117,,,,,,,,,,,,19,,,,80
118,,,,,,,,,,,,19,,,,80
119,,,,,,,,,,,,19,,,,80
120,,,,,,,,,,,,19,,,,80
121,,,,,,,,,,,,19,,,,80
122,,,,,,,,,,,,19,,,,80
123,,,,,,,,,,,,19,,,,80
124,,,,,,,,,,,,19,,,,80
125,,,,,,,,,,,,19,,,,80
126,,,,,,,,,,,,19,,,,80
127,,,,,,,,,,,,19,,,,80
128,,,,,,,,,,,,19,,,,80
129,,,,,,,,,,,,19,,,,80
130,,,,,,,,,,,,19,,,,80
131,,,,,,,,,,,,19,,,,80
132,,,,,,,,,,,,19,,,,80
133,,,,,,,,,,,,19,,,,80
134,,,,,,,,,,,,19,,,,80
135,,,,,,,,,,,,19,,,,80
136,,,,,,,,,,,,19,,,,80
0,1.0,1.0,1.0,1.0,1.0,1.0,1.0,1.0,1.0,1.0,1.0,1,1.0,1.0,1.0,84
1,2.0,2.0,1.0,2.0,1.0,1.0,2.0,1.0,1.0,1.0,2.0,1,1.0,2.0,2.0,84
2,3.0,3.0,1.0,3.0,1.0,1.0,3.0,2.0,2.0,2.0,3.0,1,1.0,3.0,3.0,84
3,4.0,4.0,2.0,4.0,1.0,2.0,4.0,3.0,3.0,3.0,4.0,1,2.0,4.0,4.0,84
4,5.0,5.0,3.0,5.0,1.0,2.0,5.0,4.0,4.0,3.0,4.0,1,3.0,4.0,5.0,84
5,6.0,6.0,4.0,6.0,1.0,3.0,6.0,5.0,4.0,3.0,5.0,1,4.0,5.0,6.0,84
6,6.0,7.0,5.0,6.0,1.0,3.0,6.0,6.0,5.0,4.0,5.0,1,5.0,6.0,6.0,84
7,6.0,8.0,6.0,6.0,1.0,3.0,7.0,6.0,5.0,4.0,6.0,1,6.0,6.0,7.0,84
8,6.0,8.0,6.0,7.0,1.0,4.0,8.0,7.0,6.0,5.0,6.0,2,7.0,6.0,8.0,84
9,6.0,9.0,7.0,8.0,2.0,4.0,8.0,8.0,7.0,5.0,6.0,2,8.0,6.0,9.0,84
10,7.0,9.0,8.0,9.0,2.0,4.0,9.0,9.0,8.0,5.0,6.0,2,9.0,7.0,10.0,84
11,8.0,10.0,9.0,9.0,2.0,5.0,9.0,10.0,8.0,6.0,6.0,2,10.0,8.0,11.0,84
12,8.0,11.0,10.0,10.0,2.0,5.0,10.0,11.0,9.0,6.0,7.0,3,11.0,9.0,12.0,84
13,9.0,11.0,11.0,11.0,3.0,6.0,11.0,11.0,10.0,6.0,8.0,3,12.0,10.0,13.0,84
14,9.0,12.0,12.0,12.0,3.0,6.0,12.0,12.0,11.0,7.0,8.0,3,13.0,11.0,14.0,84
15,9.0,12.0,13.0,12.0,3.0,7.0,12.0,12.0,11.0,7.0,9.0,3,14.0,12.0,15.0,84
16,9.0,12.0,14.0,13.0,4.0,8.0,13.0,13.0,12.0,8.0,9.0,4,15.0,12.0,16.0,84
17,10.0,13.0,15.0,14.0,4.0,8.0,14.0,14.0,12.0,8.0,10.0,4,16.0,13.0,17.0,84
18,10.0,14.0,16.0,14.0,4.0,9.0,15.0,15.0,12.0,9.0,11.0,4,17.0,13.0,18.0,84
19,11.0,14.0,17.0,15.0,4.0,9.0,16.0,16.0,12.0,9.0,11.0,4,18.0,14.0,19.0,84
20,11.0,15.0,18.0,16.0,4.0,10.0,17.0,17.0,13.0,9.0,12.0,5,19.0,14.0,19.0,84
21,11.0,15.0,19.0,17.0,5.0,11.0,18.0,18.0,14.0,10.0,13.0,5,19.0,15.0,19.0,84
22,11.0,16.0,19.0,18.0,5.0,11.0,19.0,18.0,15.0,10.0,14.0,5,19.0,16.0,19.0,84
23,12.0,16.0,19.0,19.0,5.0,12.0,19.0,18.0,16.0,11.0,15.0,5,19.0,18.0,19.0,84
24,12.0,17.0,19.0,19.0,5.0,12.0,19.0,18.0,17.0,11.0,16.0,5,19.0,19.0,19.0,84
25,12.0,17.0,19.0,19.0,5.0,12.0,19.0,18.0,18.0,11.0,17.0,5,19.0,19.0,,84
26,13.0,18.0,19.0,19.0,6.0,12.0,19.0,19.0,19.0,12.0,17.0,6,19.0,19.0,,84
27,13.0,18.0,19.0,19.0,6.0,13.0,19.0,19.0,19.0,12.0,18.0,6,19.0,19.0,,84
28,14.0,19.0,19.0,19.0,6.0,14.0,19.0,19.0,19.0,12.0,18.0,6,19.0,19.0,,84
29,14.0,19.0,19.0,,6.0,14.0,19.0,19.0,19.0,13.0,18.0,6,19.0,19.0,,84
30,15.0,19.0,19.0,,6.0,15.0,19.0,19.0,19.0,13.0,19.0,6,19.0,19.0,,84
31,15.0,19.0,19.0,,6.0,15.0,,19.0,19.0,13.0,19.0,6,19.0,19.0,,84
32,15.0,19.0,19.0,,7.0,15.0,,19.0,19.0,14.0,19.0,6,19.0,19.0,,84
33,16.0,19.0,,,7.0,16.0,,19.0,19.0,14.0,19.0,6,19.0,19.0,,84
34,16.0,19.0,,,8.0,16.0,,19.0,19.0,15.0,19.0,6,,19.0,,84
35,16.0,19.0,,,8.0,17.0,,19.0,19.0,15.0,19.0,6,,,,84
36,16.0,19.0,,,8.0,17.0,,,19.0,16.0,19.0,6,,,,84
37,16.0,19.0,,,9.0,17.0,,,19.0,16.0,19.0,6,,,,84
38,16.0,19.0,,,9.0,18.0,,,19.0,17.0,19.0,7,,,,84
39,17.0,19.0,,,9.0,18.0,,,19.0,17.0,,7,,,,84
40,17.0,19.0,,,10.0,19.0,,,19.0,18.0,,7,,,,84
41,17.0,19.0,,,10.0,19.0,,,19.0,18.0,,8,,,,84
42,17.0,19.0,,,10.0,19.0,,,19.0,19.0,,8,,,,84
43,18.0,19.0,,,10.0,19.0,,,,19.0,,8,,,,84
44,18.0,19.0,,,10.0,19.0,,,,19.0,,8,,,,84
45,18.0,,,,11.0,19.0,,,,19.0,,8,,,,84
46,18.0,,,,11.0,19.0,,,,,,9,,,,84
47,18.0,,,,11.0,19.0,,,,,,9,,,,84
48,18.0,,,,11.0,19.0,,,,,,9,,,,84
49,18.0,,,,11.0,19.0,,,,,,9,,,,84
50,18.0,,,,12.0,19.0,,,,,,9,,,,84
51,18.0,,,,12.0,19.0,,,,,,10,,,,84
52,18.0,,,,12.0,19.0,,,,,,10,,,,84
53,18.0,,,,12.0,19.0,,,,,,10,,,,84
54,18.0,,,,12.0,19.0,,,,,,10,,,,84
55,18.0,,,,13.0,19.0,,,,,,10,,,,84
56,19.0,,,,14.0,19.0,,,,,,10,,,,84
57,19.0,,,,14.0,19.0,,,,,,11,,,,84
58,19.0,,,,15.0,19.0,,,,,,11,,,,84
59,19.0,,,,15.0,19.0,,,,,,11,,,,84
60,19.0,,,,16.0,19.0,,,,,,11,,,,84
61,19.0,,,,16.0,19.0,,,,,,11,,,,84
62,19.0,,,,17.0,19.0,,,,,,12,,,,84
63,19.0,,,,17.0,19.0,,,,,,12,,,,84
64,19.0,,,,18.0,19.0,,,,,,12,,,,84
65,19.0,,,,19.0,19.0,,,,,,12,,,,84
66,19.0,,,,,19.0,,,,,,12,,,,84
67,19.0,,,,,19.0,,,,,,12,,,,84
68,19.0,,,,,19.0,,,,,,12,,,,84
69,,,,,,,,,,,,12,,,,84
70,,,,,,,,,,,,12,,,,84
71,,,,,,,,,,,,12,,,,84
72,,,,,,,,,,,,12,,,,84
73,,,,,,,,,,,,13,,,,84
74,,,,,,,,,,,,13,,,,84
75,,,,,,,,,,,,14,,,,84
76,,,,,,,,,,,,14,,,,84
77,,,,,,,,,,,,14,,,,84
78,,,,,,,,,,,,14,,,,84
79,,,,,,,,,,,,14,,,,84
80,,,,,,,,,,,,14,,,,84
81,,,,,,,,,,,,15,,,,84
82,,,,,,,,,,,,15,,,,84
83,,,,,,,,,,,,15,,,,84
84,,,,,,,,,,,,15,,,,84
85,,,,,,,,,,,,15,,,,84
86,,,,,,,,,,,,15,,,,84
87,,,,,,,,,,,,16,,,,84
88,,,,,,,,,,,,16,,,,84
89,,,,,,,,,,,,17,,,,84
90,,,,,,,,,,,,18,,,,84
91,,,,,,,,,,,,18,,,,84
92,,,,,,,,,,,,18,,,,84
93,,,,,,,,,,,,18,,,,84
94,,,,,,,,,,,,18,,,,84
95,,,,,,,,,,,,18,,,,84
96,,,,,,,,,,,,18,,,,84
97,,,,,,,,,,,,18,,,,84
98,,,,,,,,,,,,18,,,,84
99,,,,,,,,,,,,18,,,,84
100,,,,,,,,,,,,19,,,,84
101,,,,,,,,,,,,19,,,,84
102,,,,,,,,,,,,19,,,,84
103,,,,,,,,,,,,19,,,,84
104,,,,,,,,,,,,19,,,,84
105,,,,,,,,,,,,19,,,,84
106,,,,,,,,,,,,19,,,,84
107,,,,,,,,,,,,19,,,,84
108,,,,,,,,,,,,19,,,,84
109,,,,,,,,,,,,19,,,,84
110,,,,,,,,,,,,19,,,,84
111,,,,,,,,,,,,19,,,,84
112,,,,,,,,,,,,19,,,,84
113,,,,,,,,,,,,19,,,,84
114,,,,,,,,,,,,19,,,,84
115,,,,,,,,,,,,19,,,,84
116,,,,,,,,,,,,19,,,,84
117,,,,,,,,,,,,19,,,,84
118,,,,,,,,,,,,19,,,,84
119,,,,,,,,,,,,19,,,,84
120,,,,,,,,,,,,19,,,,84
121,,,,,,,,,,,,19,,,,84
122,,,,,,,,,,,,19,,,,84
123,,,,,,,,,,,,19,,,,84
124,,,,,,,,,,,,19,,,,84
125,,,,,,,,,,,,19,,,,84
126,,,,,,,,,,,,19,,,,84
127,,,,,,,,,,,,19,,,,84
128,,,,,,,,,,,,19,,,,84
129,,,,,,,,,,,,19,,,,84
130,,,,,,,,,,,,19,,,,84
131,,,,,,,,,,,,19,,,,84
132,,,,,,,,,,,,19,,,,84
133,,,,,,,,,,,,19,,,,84
134,,,,,,,,,,,,19,,,,84
135,,,,,,,,,,,,19,,,,84
136,,,,,,,,,,,,19,,,,84
0,1.0,1.0,1.0,1.0,1.0,1.0,1.0,1.0,1.0,1.0,1.0,1,1.0,1.0,1.0,88
1,2.0,2.0,1.0,1.0,1.0,1.0,1.0,1.0,1.0,1.0,1.0,1,1.0,1.0,2.0,88
2,3.0,3.0,1.0,1.0,1.0,1.0,2.0,1.0,2.0,1.0,1.0,1,1.0,2.0,3.0,88
3,4.0,4.0,2.0,2.0,1.0,2.0,3.0,2.0,3.0,2.0,2.0,1,2.0,3.0,4.0,88
4,5.0,5.0,3.0,3.0,1.0,2.0,4.0,3.0,4.0,3.0,2.0,1,3.0,4.0,5.0,88
5,6.0,6.0,4.0,4.0,1.0,3.0,5.0,4.0,4.0,3.0,3.0,1,4.0,5.0,5.0,88
6,6.0,7.0,5.0,5.0,1.0,3.0,6.0,5.0,5.0,4.0,3.0,1,5.0,5.0,6.0,88
7,6.0,8.0,6.0,6.0,1.0,3.0,6.0,6.0,5.0,4.0,4.0,1,6.0,6.0,6.0,88
8,6.0,8.0,6.0,7.0,1.0,4.0,7.0,6.0,6.0,5.0,4.0,1,7.0,6.0,7.0,88
9,6.0,9.0,7.0,8.0,1.0,4.0,8.0,7.0,6.0,5.0,5.0,1,8.0,6.0,8.0,88
10,7.0,9.0,8.0,9.0,1.0,4.0,9.0,8.0,7.0,5.0,5.0,2,9.0,7.0,9.0,88
11,8.0,9.0,9.0,9.0,2.0,5.0,9.0,9.0,8.0,6.0,6.0,2,9.0,8.0,10.0,88
12,8.0,10.0,10.0,9.0,2.0,5.0,10.0,9.0,8.0,6.0,7.0,3,10.0,9.0,11.0,88
13,9.0,11.0,11.0,10.0,3.0,6.0,10.0,9.0,9.0,6.0,8.0,3,11.0,9.0,12.0,88
14,9.0,12.0,12.0,11.0,3.0,6.0,11.0,10.0,9.0,6.0,8.0,3,12.0,10.0,13.0,88
15,9.0,12.0,13.0,12.0,3.0,6.0,12.0,11.0,10.0,7.0,9.0,3,13.0,11.0,14.0,88
16,9.0,12.0,13.0,13.0,4.0,7.0,13.0,12.0,11.0,7.0,9.0,4,14.0,12.0,15.0,88
17,9.0,12.0,14.0,14.0,4.0,8.0,13.0,13.0,12.0,7.0,9.0,4,15.0,12.0,16.0,88
18,10.0,13.0,15.0,14.0,4.0,9.0,14.0,13.0,12.0,8.0,10.0,4,16.0,13.0,17.0,88
19,10.0,14.0,16.0,15.0,4.0,9.0,15.0,14.0,12.0,8.0,11.0,4,17.0,14.0,18.0,88
20,11.0,15.0,17.0,16.0,4.0,10.0,16.0,15.0,13.0,9.0,11.0,5,18.0,15.0,19.0,88
21,11.0,15.0,18.0,17.0,5.0,10.0,17.0,16.0,13.0,9.0,12.0,5,19.0,16.0,19.0,88
22,11.0,16.0,19.0,18.0,5.0,11.0,18.0,17.0,14.0,10.0,12.0,5,19.0,17.0,19.0,88
23,12.0,16.0,19.0,19.0,5.0,11.0,19.0,18.0,15.0,10.0,13.0,5,19.0,18.0,19.0,88
24,12.0,17.0,19.0,19.0,5.0,12.0,19.0,18.0,16.0,10.0,14.0,5,19.0,18.0,19.0,88
25,12.0,17.0,19.0,19.0,5.0,12.0,19.0,18.0,17.0,11.0,15.0,5,19.0,19.0,,88
26,13.0,18.0,19.0,19.0,6.0,12.0,19.0,19.0,18.0,11.0,16.0,6,19.0,19.0,,88
27,13.0,18.0,19.0,19.0,6.0,13.0,19.0,19.0,19.0,12.0,17.0,6,19.0,19.0,,88
28,14.0,19.0,19.0,19.0,6.0,13.0,19.0,19.0,19.0,12.0,17.0,6,19.0,19.0,,88
29,14.0,19.0,19.0,,6.0,14.0,19.0,19.0,19.0,13.0,18.0,6,19.0,19.0,,88
30,15.0,19.0,19.0,,6.0,14.0,19.0,19.0,19.0,13.0,18.0,6,19.0,19.0,,88
31,15.0,19.0,19.0,,6.0,15.0,,19.0,19.0,13.0,19.0,6,19.0,19.0,,88
32,15.0,19.0,19.0,,7.0,15.0,,19.0,19.0,13.0,19.0,6,19.0,19.0,,88
33,16.0,19.0,,,7.0,16.0,,19.0,19.0,14.0,19.0,6,19.0,19.0,,88
34,16.0,19.0,,,7.0,16.0,,19.0,19.0,14.0,19.0,6,,19.0,,88
35,16.0,19.0,,,7.0,17.0,,19.0,19.0,15.0,19.0,6,,,,88
36,16.0,19.0,,,7.0,18.0,,,19.0,16.0,19.0,6,,,,88
37,16.0,19.0,,,8.0,18.0,,,19.0,16.0,19.0,6,,,,88
38,16.0,19.0,,,8.0,18.0,,,19.0,17.0,19.0,7,,,,88
39,17.0,19.0,,,8.0,18.0,,,19.0,18.0,,7,,,,88
40,17.0,19.0,,,8.0,19.0,,,19.0,18.0,,7,,,,88
41,17.0,19.0,,,9.0,19.0,,,19.0,18.0,,7,,,,88
42,17.0,19.0,,,9.0,19.0,,,19.0,18.0,,8,,,,88
43,18.0,19.0,,,9.0,19.0,,,,18.0,,8,,,,88
44,18.0,19.0,,,10.0,19.0,,,,18.0,,8,,,,88
45,18.0,,,,10.0,19.0,,,,19.0,,8,,,,88
46,18.0,,,,10.0,19.0,,,,,,9,,,,88
47,18.0,,,,11.0,19.0,,,,,,9,,,,88
48,18.0,,,,11.0,19.0,,,,,,9,,,,88
49,18.0,,,,11.0,19.0,,,,,,9,,,,88
50,18.0,,,,12.0,19.0,,,,,,9,,,,88
51,18.0,,,,12.0,19.0,,,,,,9,,,,88
52,18.0,,,,12.0,19.0,,,,,,10,,,,88
53,18.0,,,,12.0,19.0,,,,,,10,,,,88
54,18.0,,,,12.0,19.0,,,,,,10,,,,88
55,18.0,,,,13.0,19.0,,,,,,10,,,,88
56,19.0,,,,13.0,19.0,,,,,,10,,,,88
57,19.0,,,,14.0,19.0,,,,,,10,,,,88
58,19.0,,,,15.0,19.0,,,,,,10,,,,88
59,19.0,,,,15.0,19.0,,,,,,11,,,,88
60,19.0,,,,16.0,19.0,,,,,,11,,,,88
61,19.0,,,,16.0,19.0,,,,,,12,,,,88
62,19.0,,,,17.0,19.0,,,,,,12,,,,88
63,19.0,,,,17.0,19.0,,,,,,12,,,,88
64,19.0,,,,18.0,19.0,,,,,,12,,,,88
65,19.0,,,,19.0,19.0,,,,,,12,,,,88
66,19.0,,,,19.0,19.0,,,,,,12,,,,88
67,19.0,,,,19.0,19.0,,,,,,12,,,,88
68,19.0,,,,,19.0,,,,,,12,,,,88
69,,,,,,,,,,,,12,,,,88
70,,,,,,,,,,,,12,,,,88
71,,,,,,,,,,,,12,,,,88
72,,,,,,,,,,,,12,,,,88
73,,,,,,,,,,,,13,,,,88
74,,,,,,,,,,,,13,,,,88
75,,,,,,,,,,,,13,,,,88
76,,,,,,,,,,,,13,,,,88
77,,,,,,,,,,,,14,,,,88
78,,,,,,,,,,,,14,,,,88
79,,,,,,,,,,,,14,,,,88
80,,,,,,,,,,,,14,,,,88
81,,,,,,,,,,,,15,,,,88
82,,,,,,,,,,,,15,,,,88
83,,,,,,,,,,,,15,,,,88
84,,,,,,,,,,,,15,,,,88
85,,,,,,,,,,,,15,,,,88
86,,,,,,,,,,,,15,,,,88
87,,,,,,,,,,,,16,,,,88
88,,,,,,,,,,,,16,,,,88
89,,,,,,,,,,,,17,,,,88
90,,,,,,,,,,,,17,,,,88
91,,,,,,,,,,,,18,,,,88
92,,,,,,,,,,,,18,,,,88
93,,,,,,,,,,,,18,,,,88
94,,,,,,,,,,,,18,,,,88
95,,,,,,,,,,,,18,,,,88
96,,,,,,,,,,,,18,,,,88
97,,,,,,,,,,,,18,,,,88
98,,,,,,,,,,,,18,,,,88
99,,,,,,,,,,,,18,,,,88
100,,,,,,,,,,,,19,,,,88
101,,,,,,,,,,,,19,,,,88
102,,,,,,,,,,,,19,,,,88
103,,,,,,,,,,,,19,,,,88
104,,,,,,,,,,,,19,,,,88
105,,,,,,,,,,,,19,,,,88
106,,,,,,,,,,,,19,,,,88
107,,,,,,,,,,,,19,,,,88
108,,,,,,,,,,,,19,,,,88
109,,,,,,,,,,,,19,,,,88
110,,,,,,,,,,,,19,,,,88
111,,,,,,,,,,,,19,,,,88
112,,,,,,,,,,,,19,,,,88
113,,,,,,,,,,,,19,,,,88
114,,,,,,,,,,,,19,,,,88
115,,,,,,,,,,,,19,,,,88
116,,,,,,,,,,,,19,,,,88
117,,,,,,,,,,,,19,,,,88
118,,,,,,,,,,,,19,,,,88
119,,,,,,,,,,,,19,,,,88
120,,,,,,,,,,,,19,,,,88
121,,,,,,,,,,,,19,,,,88
122,,,,,,,,,,,,19,,,,88
123,,,,,,,,,,,,19,,,,88
124,,,,,,,,,,,,19,,,,88
125,,,,,,,,,,,,19,,,,88
126,,,,,,,,,,,,19,,,,88
127,,,,,,,,,,,,19,,,,88
128,,,,,,,,,,,,19,,,,88
129,,,,,,,,,,,,19,,,,88
130,,,,,,,,,,,,19,,,,88
131,,,,,,,,,,,,19,,,,88
132,,,,,,,,,,,,19,,,,88
133,,,,,,,,,,,,19,,,,88
134,,,,,,,,,,,,19,,,,88
135,,,,,,,,,,,,19,,,,88
136,,,,,,,,,,,,19,,,,88
0,1.0,1.0,1.0,1.0,1.0,1.0,1.0,1.0,1.0,1.0,1.0,1,1.0,1.0,1.0,92
1,1.0,2.0,1.0,1.0,1.0,1.0,1.0,1.0,1.0,1.0,1.0,1,1.0,1.0,2.0,92
2,2.0,3.0,1.0,1.0,1.0,1.0,2.0,1.0,2.0,1.0,1.0,1,1.0,2.0,3.0,92
3,3.0,4.0,2.0,2.0,1.0,2.0,3.0,2.0,3.0,1.0,2.0,1,1.0,3.0,4.0,92
4,4.0,5.0,3.0,3.0,1.0,2.0,4.0,3.0,4.0,1.0,2.0,1,1.0,4.0,5.0,92
5,5.0,6.0,4.0,4.0,1.0,3.0,5.0,4.0,4.0,2.0,3.0,1,2.0,5.0,5.0,92
6,6.0,6.0,5.0,5.0,1.0,3.0,6.0,5.0,5.0,2.0,3.0,1,3.0,5.0,6.0,92
7,6.0,6.0,6.0,6.0,1.0,3.0,6.0,6.0,5.0,3.0,4.0,1,4.0,5.0,6.0,92
8,6.0,6.0,6.0,7.0,1.0,4.0,7.0,6.0,6.0,3.0,4.0,1,5.0,6.0,7.0,92
9,6.0,7.0,7.0,8.0,1.0,4.0,7.0,7.0,6.0,4.0,5.0,1,6.0,6.0,8.0,92
10,7.0,8.0,8.0,9.0,1.0,4.0,8.0,7.0,7.0,4.0,5.0,1,7.0,6.0,9.0,92
11,8.0,9.0,9.0,9.0,1.0,5.0,9.0,7.0,8.0,5.0,6.0,1,8.0,7.0,10.0,92
12,8.0,10.0,10.0,9.0,1.0,5.0,10.0,8.0,8.0,5.0,7.0,2,9.0,8.0,11.0,92
13,9.0,10.0,11.0,10.0,1.0,6.0,10.0,9.0,9.0,5.0,7.0,3,9.0,9.0,12.0,92
14,9.0,10.0,12.0,11.0,1.0,6.0,11.0,10.0,9.0,6.0,7.0,3,10.0,9.0,13.0,92
15,9.0,11.0,13.0,12.0,1.0,6.0,12.0,11.0,10.0,6.0,8.0,3,11.0,9.0,14.0,92
16,9.0,12.0,13.0,13.0,2.0,6.0,13.0,12.0,10.0,6.0,8.0,4,12.0,10.0,15.0,92
17,9.0,12.0,14.0,14.0,2.0,7.0,14.0,12.0,11.0,6.0,9.0,4,13.0,11.0,16.0,92
18,10.0,13.0,15.0,14.0,2.0,7.0,14.0,12.0,12.0,7.0,10.0,4,14.0,12.0,17.0,92
19,10.0,14.0,16.0,15.0,3.0,8.0,15.0,13.0,12.0,7.0,10.0,4,15.0,12.0,18.0,92
20,10.0,15.0,17.0,16.0,3.0,9.0,16.0,13.0,13.0,8.0,11.0,5,16.0,13.0,19.0,92
21,11.0,15.0,18.0,17.0,3.0,9.0,17.0,14.0,14.0,8.0,12.0,5,17.0,14.0,19.0,92
22,11.0,16.0,19.0,18.0,4.0,10.0,18.0,15.0,15.0,9.0,12.0,5,18.0,15.0,19.0,92
23,12.0,16.0,19.0,19.0,4.0,10.0,19.0,16.0,16.0,9.0,13.0,5,19.0,16.0,19.0,92
24,12.0,17.0,19.0,19.0,4.0,10.0,19.0,17.0,16.0,9.0,14.0,5,19.0,17.0,19.0,92
25,12.0,17.0,19.0,19.0,5.0,10.0,19.0,18.0,17.0,10.0,15.0,5,19.0,18.0,,92
26,12.0,18.0,19.0,19.0,5.0,11.0,19.0,19.0,17.0,10.0,16.0,6,19.0,18.0,,92
27,13.0,18.0,19.0,19.0,5.0,11.0,19.0,19.0,18.0,11.0,17.0,6,19.0,19.0,,92
28,13.0,18.0,19.0,19.0,5.0,12.0,19.0,19.0,18.0,12.0,17.0,6,19.0,19.0,,92
29,13.0,19.0,19.0,,6.0,13.0,19.0,19.0,19.0,12.0,18.0,6,19.0,19.0,,92
30,14.0,19.0,19.0,,6.0,13.0,19.0,19.0,19.0,13.0,18.0,6,19.0,19.0,,92
31,14.0,19.0,19.0,,6.0,13.0,,19.0,19.0,13.0,18.0,6,19.0,19.0,,92
32,15.0,19.0,19.0,,7.0,14.0,,19.0,19.0,13.0,19.0,6,19.0,19.0,,92
33,15.0,19.0,,,7.0,14.0,,19.0,19.0,13.0,19.0,6,19.0,19.0,,92
34,16.0,19.0,,,7.0,15.0,,19.0,19.0,14.0,19.0,6,,19.0,,92
35,16.0,19.0,,,7.0,15.0,,19.0,19.0,14.0,19.0,6,,,,92
36,16.0,19.0,,,8.0,16.0,,,19.0,15.0,19.0,6,,,,92
37,16.0,19.0,,,8.0,16.0,,,19.0,16.0,19.0,6,,,,92
38,16.0,19.0,,,8.0,17.0,,,19.0,17.0,19.0,7,,,,92
39,17.0,19.0,,,8.0,17.0,,,19.0,17.0,,7,,,,92
40,17.0,19.0,,,8.0,18.0,,,19.0,18.0,,7,,,,92
41,17.0,19.0,,,8.0,18.0,,,19.0,18.0,,7,,,,92
42,17.0,19.0,,,9.0,18.0,,,19.0,18.0,,7,,,,92
43,18.0,19.0,,,9.0,18.0,,,,18.0,,7,,,,92
44,18.0,19.0,,,9.0,19.0,,,,18.0,,8,,,,92
45,18.0,,,,9.0,19.0,,,,19.0,,8,,,,92
46,18.0,,,,10.0,19.0,,,,,,8,,,,92
47,18.0,,,,10.0,19.0,,,,,,8,,,,92
48,18.0,,,,10.0,19.0,,,,,,9,,,,92
49,18.0,,,,10.0,19.0,,,,,,9,,,,92
50,18.0,,,,11.0,19.0,,,,,,9,,,,92
51,18.0,,,,11.0,19.0,,,,,,9,,,,92
52,18.0,,,,11.0,19.0,,,,,,9,,,,92
53,18.0,,,,12.0,19.0,,,,,,9,,,,92
54,18.0,,,,12.0,19.0,,,,,,9,,,,92
55,18.0,,,,13.0,19.0,,,,,,10,,,,92
56,19.0,,,,13.0,19.0,,,,,,10,,,,92
57,19.0,,,,14.0,19.0,,,,,,10,,,,92
58,19.0,,,,15.0,19.0,,,,,,10,,,,92
59,19.0,,,,15.0,19.0,,,,,,10,,,,92
60,19.0,,,,16.0,19.0,,,,,,11,,,,92
61,19.0,,,,16.0,19.0,,,,,,11,,,,92
62,19.0,,,,17.0,19.0,,,,,,11,,,,92
63,19.0,,,,17.0,19.0,,,,,,11,,,,92
64,19.0,,,,18.0,19.0,,,,,,11,,,,92
65,19.0,,,,19.0,19.0,,,,,,11,,,,92
66,19.0,,,,,19.0,,,,,,11,,,,92
67,19.0,,,,,19.0,,,,,,12,,,,92
68,19.0,,,,,19.0,,,,,,12,,,,92
69,,,,,,,,,,,,12,,,,92
70,,,,,,,,,,,,12,,,,92
71,,,,,,,,,,,,12,,,,92
72,,,,,,,,,,,,12,,,,92
73,,,,,,,,,,,,13,,,,92
74,,,,,,,,,,,,13,,,,92
75,,,,,,,,,,,,13,,,,92
76,,,,,,,,,,,,13,,,,92
77,,,,,,,,,,,,13,,,,92
78,,,,,,,,,,,,13,,,,92
79,,,,,,,,,,,,14,,,,92
80,,,,,,,,,,,,14,,,,92
81,,,,,,,,,,,,14,,,,92
82,,,,,,,,,,,,15,,,,92
83,,,,,,,,,,,,15,,,,92
84,,,,,,,,,,,,15,,,,92
85,,,,,,,,,,,,15,,,,92
86,,,,,,,,,,,,15,,,,92
87,,,,,,,,,,,,16,,,,92
88,,,,,,,,,,,,16,,,,92
89,,,,,,,,,,,,17,,,,92
90,,,,,,,,,,,,17,,,,92
91,,,,,,,,,,,,18,,,,92
92,,,,,,,,,,,,18,,,,92
93,,,,,,,,,,,,18,,,,92
94,,,,,,,,,,,,18,,,,92
95,,,,,,,,,,,,18,,,,92
96,,,,,,,,,,,,18,,,,92
97,,,,,,,,,,,,18,,,,92
98,,,,,,,,,,,,18,,,,92
99,,,,,,,,,,,,18,,,,92
100,,,,,,,,,,,,19,,,,92
101,,,,,,,,,,,,19,,,,92
102,,,,,,,,,,,,19,,,,92
103,,,,,,,,,,,,19,,,,92
104,,,,,,,,,,,,19,,,,92
105,,,,,,,,,,,,19,,,,92
106,,,,,,,,,,,,19,,,,92
107,,,,,,,,,,,,19,,,,92
108,,,,,,,,,,,,19,,,,92
109,,,,,,,,,,,,19,,,,92
110,,,,,,,,,,,,19,,,,92
111,,,,,,,,,,,,19,,,,92
112,,,,,,,,,,,,19,,,,92
113,,,,,,,,,,,,19,,,,92
114,,,,,,,,,,,,19,,,,92
115,,,,,,,,,,,,19,,,,92
116,,,,,,,,,,,,19,,,,92
117,,,,,,,,,,,,19,,,,92
118,,,,,,,,,,,,19,,,,92
119,,,,,,,,,,,,19,,,,92
120,,,,,,,,,,,,19,,,,92
121,,,,,,,,,,,,19,,,,92
122,,,,,,,,,,,,19,,,,92
123,,,,,,,,,,,,19,,,,92
124,,,,,,,,,,,,19,,,,92
125,,,,,,,,,,,,19,,,,92
126,,,,,,,,,,,,19,,,,92
127,,,,,,,,,,,,19,,,,92
128,,,,,,,,,,,,19,,,,92
129,,,,,,,,,,,,19,,,,92
130,,,,,,,,,,,,19,,,,92
131,,,,,,,,,,,,19,,,,92
132,,,,,,,,,,,,19,,,,92
133,,,,,,,,,,,,19,,,,92
134,,,,,,,,,,,,19,,,,92
135,,,,,,,,,,,,19,,,,92
136,,,,,,,,,,,,19,,,,92
0,1.0,1.0,1.0,1.0,1.0,1.0,1.0,1.0,1.0,1.0,1.0,1,1.0,1.0,1.0,96
1,1.0,2.0,1.0,1.0,1.0,1.0,1.0,1.0,1.0,1.0,1.0,1,1.0,1.0,2.0,96
2,1.0,3.0,1.0,1.0,1.0,1.0,1.0,1.0,1.0,2.0,1.0,1,1.0,1.0,3.0,96
3,2.0,4.0,1.0,1.0,1.0,1.0,2.0,2.0,2.0,3.0,2.0,1,1.0,2.0,4.0,96
4,3.0,5.0,1.0,2.0,1.0,1.0,3.0,3.0,3.0,4.0,2.0,1,2.0,3.0,5.0,96
5,4.0,6.0,2.0,3.0,1.0,1.0,4.0,4.0,4.0,5.0,3.0,1,3.0,4.0,5.0,96
6,5.0,6.0,3.0,4.0,1.0,2.0,5.0,5.0,5.0,5.0,3.0,1,4.0,4.0,6.0,96
7,5.0,6.0,4.0,5.0,2.0,2.0,6.0,6.0,5.0,6.0,4.0,1,5.0,5.0,6.0,96
8,5.0,6.0,5.0,6.0,2.0,3.0,7.0,6.0,6.0,7.0,4.0,1,6.0,5.0,7.0,96
9,6.0,7.0,6.0,6.0,2.0,3.0,7.0,7.0,6.0,7.0,5.0,1,6.0,6.0,8.0,96
10,6.0,8.0,7.0,7.0,3.0,4.0,8.0,7.0,7.0,7.0,5.0,1,7.0,6.0,9.0,96
11,6.0,9.0,8.0,8.0,3.0,4.0,9.0,7.0,7.0,8.0,6.0,1,8.0,6.0,10.0,96
12,7.0,10.0,9.0,9.0,3.0,5.0,9.0,8.0,8.0,8.0,6.0,1,9.0,6.0,11.0,96
13,7.0,10.0,10.0,10.0,4.0,5.0,10.0,8.0,9.0,9.0,7.0,2,10.0,7.0,12.0,96
14,8.0,10.0,11.0,11.0,4.0,6.0,11.0,9.0,9.0,9.0,7.0,2,11.0,8.0,13.0,96
15,8.0,11.0,12.0,12.0,4.0,6.0,12.0,10.0,10.0,10.0,8.0,2,12.0,9.0,14.0,96
16,9.0,12.0,13.0,13.0,4.0,6.0,13.0,10.0,10.0,10.0,8.0,3,13.0,9.0,15.0,96
17,9.0,12.0,14.0,13.0,5.0,7.0,14.0,11.0,11.0,11.0,9.0,3,14.0,10.0,16.0,96
18,9.0,13.0,15.0,14.0,5.0,7.0,14.0,12.0,12.0,11.0,10.0,3,15.0,11.0,17.0,96
19,10.0,13.0,16.0,15.0,5.0,8.0,15.0,12.0,12.0,11.0,10.0,3,16.0,12.0,18.0,96
20,10.0,14.0,17.0,16.0,6.0,9.0,15.0,13.0,13.0,12.0,11.0,4,17.0,13.0,19.0,96
21,10.0,15.0,18.0,17.0,6.0,9.0,16.0,14.0,13.0,12.0,12.0,4,18.0,14.0,19.0,96
22,10.0,16.0,19.0,18.0,6.0,9.0,17.0,15.0,14.0,13.0,12.0,4,19.0,15.0,19.0,96
23,11.0,16.0,19.0,19.0,7.0,10.0,18.0,16.0,15.0,13.0,13.0,4,19.0,16.0,19.0,96
24,11.0,17.0,19.0,19.0,7.0,10.0,19.0,17.0,16.0,13.0,13.0,4,19.0,17.0,19.0,96
25,12.0,17.0,19.0,19.0,7.0,10.0,19.0,18.0,17.0,14.0,14.0,5,19.0,18.0,,96
26,12.0,17.0,19.0,19.0,7.0,11.0,19.0,19.0,17.0,14.0,15.0,5,19.0,18.0,,96
27,12.0,18.0,19.0,19.0,8.0,11.0,19.0,19.0,18.0,15.0,16.0,5,19.0,19.0,,96
28,12.0,18.0,19.0,19.0,8.0,12.0,19.0,19.0,18.0,15.0,17.0,5,19.0,19.0,,96
29,13.0,18.0,19.0,,8.0,13.0,19.0,19.0,19.0,16.0,17.0,5,19.0,19.0,,96
30,13.0,18.0,19.0,,8.0,13.0,19.0,19.0,19.0,16.0,18.0,6,19.0,19.0,,96
31,13.0,19.0,19.0,,9.0,13.0,,19.0,19.0,17.0,18.0,6,19.0,19.0,,96
32,13.0,19.0,19.0,,9.0,14.0,,19.0,19.0,18.0,19.0,6,19.0,19.0,,96
33,14.0,19.0,,,10.0,14.0,,19.0,19.0,19.0,19.0,6,19.0,19.0,,96
34,14.0,19.0,,,10.0,15.0,,19.0,19.0,19.0,19.0,6,,19.0,,96
35,15.0,19.0,,,11.0,15.0,,19.0,19.0,19.0,19.0,6,,,,96
36,15.0,19.0,,,11.0,16.0,,,19.0,19.0,19.0,6,,,,96
37,16.0,19.0,,,11.0,16.0,,,19.0,19.0,19.0,6,,,,96
38,16.0,19.0,,,12.0,17.0,,,19.0,19.0,19.0,6,,,,96
39,17.0,19.0,,,12.0,17.0,,,19.0,19.0,,7,,,,96
40,17.0,19.0,,,12.0,18.0,,,19.0,19.0,,7,,,,96
41,17.0,19.0,,,13.0,18.0,,,19.0,19.0,,7,,,,96
42,17.0,19.0,,,13.0,18.0,,,19.0,19.0,,7,,,,96
43,18.0,19.0,,,14.0,18.0,,,,19.0,,7,,,,96
44,18.0,19.0,,,14.0,19.0,,,,19.0,,8,,,,96
45,18.0,,,,14.0,19.0,,,,19.0,,8,,,,96
46,18.0,,,,14.0,19.0,,,,19.0,,8,,,,96
47,18.0,,,,15.0,19.0,,,,19.0,,8,,,,96
48,18.0,,,,15.0,19.0,,,,19.0,,8,,,,96
49,18.0,,,,15.0,19.0,,,,19.0,,9,,,,96
50,18.0,,,,15.0,19.0,,,,19.0,,9,,,,96
51,18.0,,,,16.0,19.0,,,,19.0,,9,,,,96
52,18.0,,,,16.0,19.0,,,,19.0,,9,,,,96
53,18.0,,,,16.0,19.0,,,,19.0,,9,,,,96
54,18.0,,,,17.0,19.0,,,,19.0,,9,,,,96
55,18.0,,,,17.0,19.0,,,,19.0,,9,,,,96
56,19.0,,,,18.0,19.0,,,,19.0,,9,,,,96
57,19.0,,,,18.0,19.0,,,,19.0,,9,,,,96
58,19.0,,,,19.0,19.0,,,,19.0,,10,,,,96
59,19.0,,,,19.0,19.0,,,,19.0,,10,,,,96
60,19.0,,,,19.0,19.0,,,,19.0,,10,,,,96
61,19.0,,,,19.0,19.0,,,,,,10,,,,96
62,19.0,,,,19.0,19.0,,,,,,10,,,,96
63,19.0,,,,19.0,19.0,,,,,,11,,,,96
64,19.0,,,,19.0,19.0,,,,,,11,,,,96
65,19.0,,,,19.0,19.0,,,,,,11,,,,96
66,19.0,,,,19.0,19.0,,,,,,11,,,,96
67,19.0,,,,19.0,19.0,,,,,,11,,,,96
68,19.0,,,,19.0,19.0,,,,,,12,,,,96
69,,,,,19.0,,,,,,,12,,,,96
70,,,,,19.0,,,,,,,12,,,,96
71,,,,,19.0,,,,,,,12,,,,96
72,,,,,19.0,,,,,,,12,,,,96
73,,,,,19.0,,,,,,,13,,,,96
74,,,,,19.0,,,,,,,13,,,,96
75,,,,,19.0,,,,,,,13,,,,96
76,,,,,19.0,,,,,,,13,,,,96
77,,,,,19.0,,,,,,,13,,,,96
78,,,,,19.0,,,,,,,13,,,,96
79,,,,,19.0,,,,,,,14,,,,96
80,,,,,19.0,,,,,,,14,,,,96
81,,,,,19.0,,,,,,,15,,,,96
82,,,,,19.0,,,,,,,15,,,,96
83,,,,,19.0,,,,,,,15,,,,96
84,,,,,19.0,,,,,,,15,,,,96
85,,,,,19.0,,,,,,,15,,,,96
86,,,,,19.0,,,,,,,15,,,,96
87,,,,,19.0,,,,,,,16,,,,96
88,,,,,19.0,,,,,,,16,,,,96
89,,,,,19.0,,,,,,,17,,,,96
90,,,,,19.0,,,,,,,17,,,,96
91,,,,,19.0,,,,,,,18,,,,96
92,,,,,19.0,,,,,,,18,,,,96
93,,,,,19.0,,,,,,,18,,,,96
94,,,,,19.0,,,,,,,18,,,,96
95,,,,,19.0,,,,,,,18,,,,96
96,,,,,19.0,,,,,,,18,,,,96
97,,,,,19.0,,,,,,,18,,,,96
98,,,,,19.0,,,,,,,18,,,,96
99,,,,,19.0,,,,,,,18,,,,96
100,,,,,19.0,,,,,,,19,,,,96
101,,,,,19.0,,,,,,,19,,,,96
102,,,,,19.0,,,,,,,19,,,,96
103,,,,,19.0,,,,,,,19,,,,96
104,,,,,19.0,,,,,,,19,,,,96
105,,,,,19.0,,,,,,,19,,,,96
106,,,,,19.0,,,,,,,19,,,,96
107,,,,,19.0,,,,,,,19,,,,96
108,,,,,19.0,,,,,,,19,,,,96
109,,,,,19.0,,,,,,,19,,,,96
110,,,,,19.0,,,,,,,19,,,,96
111,,,,,19.0,,,,,,,19,,,,96
112,,,,,19.0,,,,,,,19,,,,96
113,,,,,19.0,,,,,,,19,,,,96
114,,,,,19.0,,,,,,,19,,,,96
115,,,,,19.0,,,,,,,19,,,,96
116,,,,,19.0,,,,,,,19,,,,96
117,,,,,19.0,,,,,,,19,,,,96
118,,,,,19.0,,,,,,,19,,,,96
119,,,,,19.0,,,,,,,19,,,,96
120,,,,,,,,,,,,19,,,,96
121,,,,,,,,,,,,19,,,,96
122,,,,,,,,,,,,19,,,,96
123,,,,,,,,,,,,19,,,,96
124,,,,,,,,,,,,19,,,,96
125,,,,,,,,,,,,19,,,,96
126,,,,,,,,,,,,19,,,,96
127,,,,,,,,,,,,19,,,,96
128,,,,,,,,,,,,19,,,,96
129,,,,,,,,,,,,19,,,,96
130,,,,,,,,,,,,19,,,,96
131,,,,,,,,,,,,19,,,,96
132,,,,,,,,,,,,19,,,,96
133,,,,,,,,,,,,19,,,,96
134,,,,,,,,,,,,19,,,,96
135,,,,,,,,,,,,19,,,,96
136,,,,,,,,,,,,19,,,,96
0,1.0,1.0,1.0,1.0,1.0,1.0,1.0,1.0,1.0,1.0,1.0,1,1.0,1.0,1.0,102
1,1.0,2.0,1.0,1.0,1.0,1.0,1.0,1.0,1.0,1.0,1.0,1,1.0,1.0,2.0,102
2,1.0,3.0,1.0,1.0,1.0,1.0,1.0,1.0,1.0,2.0,1.0,1,1.0,1.0,2.0,102
3,2.0,4.0,1.0,1.0,1.0,1.0,1.0,2.0,2.0,2.0,1.0,1,1.0,2.0,3.0,102
4,3.0,5.0,1.0,2.0,1.0,1.0,2.0,3.0,3.0,3.0,1.0,1,1.0,3.0,3.0,102
5,4.0,5.0,2.0,3.0,1.0,1.0,3.0,4.0,4.0,3.0,2.0,1,2.0,4.0,4.0,102
6,4.0,6.0,3.0,4.0,1.0,1.0,4.0,5.0,4.0,4.0,3.0,1,3.0,5.0,5.0,102
7,5.0,6.0,4.0,5.0,2.0,2.0,5.0,5.0,5.0,4.0,4.0,1,4.0,5.0,6.0,102
8,5.0,6.0,5.0,6.0,2.0,2.0,5.0,6.0,5.0,5.0,4.0,1,5.0,5.0,7.0,102
9,6.0,7.0,6.0,6.0,2.0,2.0,5.0,6.0,6.0,6.0,5.0,1,6.0,6.0,8.0,102
10,6.0,7.0,7.0,7.0,3.0,3.0,6.0,6.0,6.0,7.0,5.0,1,7.0,6.0,9.0,102
11,6.0,7.0,8.0,7.0,3.0,3.0,6.0,7.0,7.0,7.0,6.0,1,8.0,6.0,10.0,102
12,6.0,8.0,9.0,8.0,3.0,4.0,6.0,7.0,8.0,7.0,6.0,1,9.0,6.0,11.0,102
13,7.0,9.0,10.0,9.0,4.0,4.0,7.0,8.0,8.0,8.0,6.0,1,9.0,6.0,12.0,102
14,7.0,10.0,11.0,10.0,4.0,5.0,8.0,9.0,9.0,9.0,7.0,1,10.0,6.0,13.0,102
15,7.0,10.0,12.0,10.0,4.0,5.0,9.0,9.0,9.0,9.0,7.0,1,11.0,7.0,14.0,102
16,7.0,10.0,13.0,11.0,4.0,6.0,10.0,10.0,10.0,10.0,7.0,2,12.0,8.0,15.0,102
17,8.0,11.0,14.0,12.0,5.0,6.0,11.0,10.0,10.0,10.0,8.0,2,13.0,9.0,16.0,102
18,8.0,12.0,15.0,13.0,5.0,7.0,12.0,10.0,10.0,10.0,9.0,2,14.0,10.0,17.0,102
19,8.0,13.0,16.0,13.0,5.0,7.0,13.0,11.0,11.0,11.0,10.0,2,15.0,10.0,18.0,102
20,9.0,13.0,17.0,13.0,5.0,7.0,14.0,11.0,12.0,11.0,10.0,2,16.0,11.0,18.0,102
21,9.0,13.0,18.0,14.0,6.0,8.0,15.0,12.0,13.0,12.0,10.0,3,17.0,12.0,18.0,102
22,10.0,13.0,19.0,15.0,6.0,8.0,16.0,13.0,13.0,12.0,11.0,3,18.0,13.0,19.0,102
23,10.0,14.0,19.0,16.0,6.0,9.0,17.0,13.0,13.0,13.0,12.0,3,19.0,14.0,19.0,102
24,10.0,15.0,19.0,17.0,6.0,9.0,18.0,14.0,14.0,13.0,13.0,3,19.0,15.0,19.0,102
25,10.0,16.0,19.0,18.0,7.0,10.0,19.0,15.0,14.0,13.0,14.0,3,19.0,16.0,,102
26,11.0,16.0,19.0,19.0,7.0,10.0,19.0,16.0,15.0,14.0,15.0,4,19.0,17.0,,102
27,11.0,17.0,19.0,19.0,7.0,10.0,19.0,17.0,16.0,14.0,16.0,4,19.0,18.0,,102
28,11.0,17.0,19.0,19.0,8.0,10.0,19.0,18.0,17.0,14.0,17.0,4,19.0,18.0,,102
29,12.0,17.0,19.0,,8.0,11.0,19.0,19.0,18.0,15.0,18.0,4,19.0,18.0,,102
30,12.0,18.0,19.0,,8.0,11.0,19.0,19.0,19.0,15.0,18.0,4,19.0,19.0,,102
31,12.0,18.0,19.0,,9.0,12.0,,19.0,19.0,15.0,18.0,5,19.0,19.0,,102
32,13.0,19.0,19.0,,9.0,13.0,,19.0,19.0,16.0,19.0,5,19.0,19.0,,102
33,13.0,19.0,,,9.0,13.0,,19.0,19.0,16.0,19.0,5,19.0,19.0,,102
34,13.0,19.0,,,10.0,13.0,,19.0,19.0,16.0,19.0,5,,19.0,,102
35,13.0,19.0,,,10.0,13.0,,19.0,19.0,17.0,19.0,6,,,,102
36,14.0,19.0,,,10.0,14.0,,,19.0,17.0,19.0,6,,,,102
37,14.0,19.0,,,11.0,14.0,,,19.0,18.0,19.0,6,,,,102
38,14.0,19.0,,,11.0,14.0,,,19.0,19.0,19.0,6,,,,102
39,15.0,19.0,,,11.0,15.0,,,19.0,19.0,,7,,,,102
40,15.0,19.0,,,12.0,15.0,,,19.0,19.0,,7,,,,102
41,15.0,19.0,,,12.0,15.0,,,19.0,19.0,,7,,,,102
42,15.0,19.0,,,13.0,16.0,,,19.0,19.0,,7,,,,102
43,16.0,19.0,,,13.0,16.0,,,,19.0,,7,,,,102
44,16.0,19.0,,,13.0,16.0,,,,19.0,,7,,,,102
45,16.0,,,,14.0,17.0,,,,19.0,,7,,,,102
46,16.0,,,,14.0,17.0,,,,19.0,,7,,,,102
47,17.0,,,,14.0,18.0,,,,19.0,,7,,,,102
48,17.0,,,,15.0,18.0,,,,19.0,,8,,,,102
49,17.0,,,,15.0,19.0,,,,19.0,,8,,,,102
50,17.0,,,,15.0,19.0,,,,19.0,,8,,,,102
51,18.0,,,,15.0,19.0,,,,19.0,,8,,,,102
52,18.0,,,,16.0,19.0,,,,19.0,,8,,,,102
53,18.0,,,,16.0,19.0,,,,19.0,,8,,,,102
54,18.0,,,,16.0,19.0,,,,19.0,,8,,,,102
55,18.0,,,,16.0,19.0,,,,19.0,,9,,,,102
56,18.0,,,,16.0,19.0,,,,19.0,,9,,,,102
57,18.0,,,,17.0,19.0,,,,19.0,,9,,,,102
58,19.0,,,,17.0,19.0,,,,19.0,,9,,,,102
59,19.0,,,,17.0,19.0,,,,19.0,,9,,,,102
60,19.0,,,,17.0,19.0,,,,19.0,,9,,,,102
61,19.0,,,,17.0,19.0,,,,,,10,,,,102
62,19.0,,,,18.0,19.0,,,,,,10,,,,102
63,19.0,,,,18.0,19.0,,,,,,10,,,,102
64,19.0,,,,18.0,19.0,,,,,,10,,,,102
65,19.0,,,,18.0,19.0,,,,,,10,,,,102
66,19.0,,,,18.0,19.0,,,,,,11,,,,102
67,19.0,,,,18.0,19.0,,,,,,11,,,,102
68,19.0,,,,19.0,19.0,,,,,,11,,,,102
69,,,,,19.0,,,,,,,11,,,,102
70,,,,,19.0,,,,,,,11,,,,102
71,,,,,19.0,,,,,,,11,,,,102
72,,,,,19.0,,,,,,,11,,,,102
73,,,,,19.0,,,,,,,12,,,,102
74,,,,,19.0,,,,,,,12,,,,102
75,,,,,19.0,,,,,,,12,,,,102
76,,,,,19.0,,,,,,,12,,,,102
77,,,,,19.0,,,,,,,12,,,,102
78,,,,,19.0,,,,,,,12,,,,102
79,,,,,19.0,,,,,,,13,,,,102
80,,,,,19.0,,,,,,,13,,,,102
81,,,,,19.0,,,,,,,13,,,,102
82,,,,,19.0,,,,,,,13,,,,102
83,,,,,19.0,,,,,,,13,,,,102
84,,,,,19.0,,,,,,,13,,,,102
85,,,,,19.0,,,,,,,14,,,,102
86,,,,,19.0,,,,,,,14,,,,102
87,,,,,19.0,,,,,,,14,,,,102
88,,,,,19.0,,,,,,,14,,,,102
89,,,,,19.0,,,,,,,14,,,,102
90,,,,,19.0,,,,,,,14,,,,102
91,,,,,19.0,,,,,,,14,,,,102
92,,,,,19.0,,,,,,,15,,,,102
93,,,,,19.0,,,,,,,15,,,,102
94,,,,,19.0,,,,,,,15,,,,102
95,,,,,19.0,,,,,,,15,,,,102
96,,,,,19.0,,,,,,,15,,,,102
97,,,,,19.0,,,,,,,15,,,,102
98,,,,,19.0,,,,,,,15,,,,102
99,,,,,19.0,,,,,,,15,,,,102
100,,,,,19.0,,,,,,,16,,,,102
101,,,,,19.0,,,,,,,16,,,,102
102,,,,,19.0,,,,,,,16,,,,102
103,,,,,19.0,,,,,,,16,,,,102
104,,,,,19.0,,,,,,,16,,,,102
105,,,,,19.0,,,,,,,16,,,,102
106,,,,,19.0,,,,,,,17,,,,102
107,,,,,19.0,,,,,,,17,,,,102
108,,,,,19.0,,,,,,,17,,,,102
109,,,,,19.0,,,,,,,17,,,,102
110,,,,,19.0,,,,,,,17,,,,102
111,,,,,19.0,,,,,,,18,,,,102
112,,,,,19.0,,,,,,,18,,,,102
113,,,,,19.0,,,,,,,18,,,,102
114,,,,,19.0,,,,,,,18,,,,102
115,,,,,19.0,,,,,,,18,,,,102
116,,,,,19.0,,,,,,,18,,,,102
117,,,,,19.0,,,,,,,19,,,,102
118,,,,,19.0,,,,,,,19,,,,102
119,,,,,19.0,,,,,,,19,,,,102
120,,,,,,,,,,,,19,,,,102
121,,,,,,,,,,,,19,,,,102
122,,,,,,,,,,,,19,,,,102
123,,,,,,,,,,,,19,,,,102
124,,,,,,,,,,,,19,,,,102
125,,,,,,,,,,,,19,,,,102
126,,,,,,,,,,,,19,,,,102
127,,,,,,,,,,,,19,,,,102
128,,,,,,,,,,,,19,,,,102
129,,,,,,,,,,,,19,,,,102
130,,,,,,,,,,,,19,,,,102
131,,,,,,,,,,,,19,,,,102
132,,,,,,,,,,,,19,,,,102
133,,,,,,,,,,,,19,,,,102
134,,,,,,,,,,,,19,,,,102
135,,,,,,,,,,,,19,,,,102
136,,,,,,,,,,,,19,,,,102
0,1.0,1.0,1.0,1.0,1.0,1.0,1.0,1.0,1.0,1.0,1.0,1,1.0,1.0,1.0,108
1,1.0,2.0,1.0,1.0,1.0,1.0,1.0,1.0,1.0,1.0,1.0,1,1.0,1.0,1.0,108
2,1.0,3.0,1.0,1.0,1.0,1.0,1.0,1.0,1.0,1.0,1.0,1,1.0,1.0,2.0,108
3,2.0,4.0,1.0,1.0,1.0,1.0,2.0,1.0,1.0,2.0,1.0,1,1.0,2.0,3.0,108
4,3.0,5.0,2.0,2.0,1.0,1.0,3.0,1.0,2.0,2.0,1.0,1,1.0,3.0,4.0,108
5,4.0,5.0,3.0,3.0,1.0,1.0,4.0,2.0,3.0,3.0,1.0,1,2.0,4.0,4.0,108
6,4.0,5.0,4.0,4.0,1.0,1.0,5.0,3.0,4.0,3.0,1.0,1,3.0,5.0,5.0,108
7,5.0,6.0,5.0,5.0,1.0,1.0,5.0,4.0,5.0,4.0,2.0,1,4.0,5.0,5.0,108
8,5.0,6.0,5.0,5.0,2.0,1.0,6.0,5.0,5.0,4.0,3.0,1,5.0,5.0,6.0,108
9,5.0,6.0,6.0,6.0,2.0,2.0,6.0,5.0,6.0,5.0,3.0,1,5.0,6.0,6.0,108
10,6.0,6.0,6.0,6.0,3.0,2.0,6.0,6.0,6.0,5.0,4.0,1,6.0,6.0,7.0,108
11,6.0,7.0,7.0,6.0,3.0,3.0,7.0,6.0,6.0,6.0,4.0,1,7.0,6.0,8.0,108
12,6.0,7.0,8.0,7.0,3.0,3.0,8.0,6.0,7.0,7.0,5.0,1,8.0,6.0,9.0,108
13,6.0,8.0,9.0,8.0,4.0,4.0,9.0,7.0,7.0,7.0,5.0,1,9.0,6.0,10.0,108
14,7.0,9.0,10.0,9.0,4.0,4.0,10.0,7.0,7.0,8.0,6.0,1,10.0,6.0,11.0,108
15,7.0,10.0,11.0,10.0,4.0,5.0,11.0,8.0,8.0,8.0,6.0,1,11.0,6.0,12.0,108
16,7.0,10.0,12.0,11.0,4.0,5.0,12.0,9.0,8.0,9.0,7.0,2,12.0,7.0,13.0,108
17,7.0,10.0,13.0,12.0,5.0,6.0,12.0,10.0,9.0,9.0,7.0,2,13.0,8.0,14.0,108
18,8.0,11.0,14.0,12.0,5.0,6.0,13.0,10.0,9.0,9.0,8.0,2,14.0,9.0,15.0,108
19,8.0,12.0,15.0,13.0,5.0,7.0,13.0,11.0,10.0,10.0,9.0,2,15.0,10.0,16.0,108
20,8.0,12.0,16.0,14.0,5.0,7.0,14.0,11.0,11.0,10.0,9.0,2,16.0,11.0,17.0,108
21,9.0,13.0,17.0,15.0,5.0,7.0,15.0,12.0,12.0,11.0,10.0,3,17.0,12.0,18.0,108
22,9.0,13.0,18.0,16.0,6.0,8.0,16.0,12.0,12.0,11.0,10.0,3,18.0,13.0,19.0,108
23,10.0,13.0,19.0,17.0,6.0,8.0,17.0,12.0,13.0,12.0,10.0,3,18.0,14.0,19.0,108
24,10.0,14.0,19.0,18.0,6.0,9.0,18.0,13.0,14.0,13.0,11.0,3,18.0,15.0,19.0,108
25,10.0,15.0,19.0,18.0,6.0,10.0,19.0,14.0,14.0,13.0,11.0,3,19.0,16.0,,108
26,10.0,16.0,19.0,19.0,6.0,10.0,19.0,15.0,15.0,14.0,12.0,4,19.0,17.0,,108
27,11.0,17.0,19.0,19.0,7.0,10.0,19.0,16.0,16.0,14.0,13.0,4,19.0,18.0,,108
28,11.0,17.0,19.0,19.0,7.0,10.0,19.0,17.0,17.0,14.0,14.0,4,19.0,18.0,,108
29,11.0,17.0,19.0,,7.0,11.0,19.0,18.0,18.0,15.0,15.0,4,19.0,18.0,,108
30,12.0,18.0,19.0,,7.0,11.0,19.0,19.0,19.0,15.0,16.0,4,19.0,19.0,,108
31,12.0,18.0,19.0,,8.0,12.0,,19.0,19.0,15.0,17.0,5,19.0,19.0,,108
32,12.0,18.0,19.0,,8.0,12.0,,19.0,19.0,16.0,18.0,5,19.0,19.0,,108
33,12.0,18.0,,,9.0,13.0,,19.0,19.0,16.0,19.0,5,19.0,19.0,,108
34,12.0,19.0,,,9.0,13.0,,19.0,19.0,17.0,19.0,5,,19.0,,108
35,13.0,19.0,,,10.0,13.0,,19.0,19.0,17.0,19.0,5,,,,108
36,13.0,19.0,,,10.0,13.0,,,19.0,18.0,19.0,6,,,,108
37,13.0,19.0,,,10.0,14.0,,,19.0,18.0,19.0,6,,,,108
38,13.0,19.0,,,10.0,14.0,,,19.0,19.0,19.0,6,,,,108
39,14.0,19.0,,,11.0,15.0,,,19.0,19.0,,6,,,,108
40,14.0,19.0,,,11.0,15.0,,,19.0,19.0,,6,,,,108
41,14.0,19.0,,,11.0,15.0,,,19.0,19.0,,6,,,,108
42,14.0,19.0,,,12.0,16.0,,,19.0,19.0,,7,,,,108
43,15.0,19.0,,,12.0,16.0,,,,19.0,,7,,,,108
44,15.0,19.0,,,13.0,16.0,,,,19.0,,7,,,,108
45,15.0,,,,13.0,17.0,,,,19.0,,7,,,,108
46,16.0,,,,13.0,17.0,,,,19.0,,7,,,,108
47,16.0,,,,13.0,18.0,,,,19.0,,7,,,,108
48,16.0,,,,14.0,18.0,,,,19.0,,7,,,,108
49,17.0,,,,14.0,19.0,,,,19.0,,7,,,,108
50,17.0,,,,14.0,19.0,,,,19.0,,8,,,,108
51,17.0,,,,14.0,19.0,,,,19.0,,8,,,,108
52,17.0,,,,14.0,19.0,,,,19.0,,8,,,,108
53,18.0,,,,15.0,19.0,,,,19.0,,8,,,,108
54,18.0,,,,15.0,19.0,,,,19.0,,8,,,,108
55,18.0,,,,15.0,19.0,,,,19.0,,8,,,,108
56,18.0,,,,16.0,19.0,,,,19.0,,9,,,,108
57,18.0,,,,16.0,19.0,,,,19.0,,9,,,,108
58,19.0,,,,16.0,19.0,,,,19.0,,9,,,,108
59,19.0,,,,17.0,19.0,,,,19.0,,9,,,,108
60,19.0,,,,17.0,19.0,,,,19.0,,9,,,,108
61,19.0,,,,17.0,19.0,,,,,,9,,,,108
62,19.0,,,,17.0,19.0,,,,,,9,,,,108
63,19.0,,,,18.0,19.0,,,,,,9,,,,108
64,19.0,,,,18.0,19.0,,,,,,10,,,,108
65,19.0,,,,18.0,19.0,,,,,,10,,,,108
66,19.0,,,,18.0,19.0,,,,,,10,,,,108
67,19.0,,,,18.0,19.0,,,,,,10,,,,108
68,19.0,,,,19.0,19.0,,,,,,10,,,,108
69,,,,,19.0,,,,,,,11,,,,108
70,,,,,19.0,,,,,,,11,,,,108
71,,,,,19.0,,,,,,,11,,,,108
72,,,,,19.0,,,,,,,11,,,,108
73,,,,,19.0,,,,,,,11,,,,108
74,,,,,19.0,,,,,,,12,,,,108
75,,,,,19.0,,,,,,,12,,,,108
76,,,,,19.0,,,,,,,12,,,,108
77,,,,,19.0,,,,,,,12,,,,108
78,,,,,19.0,,,,,,,12,,,,108
79,,,,,19.0,,,,,,,12,,,,108
80,,,,,19.0,,,,,,,13,,,,108
81,,,,,19.0,,,,,,,13,,,,108
82,,,,,19.0,,,,,,,13,,,,108
83,,,,,19.0,,,,,,,13,,,,108
84,,,,,19.0,,,,,,,13,,,,108
85,,,,,19.0,,,,,,,13,,,,108
86,,,,,19.0,,,,,,,13,,,,108
87,,,,,19.0,,,,,,,14,,,,108
88,,,,,19.0,,,,,,,14,,,,108
89,,,,,19.0,,,,,,,14,,,,108
90,,,,,19.0,,,,,,,14,,,,108
91,,,,,19.0,,,,,,,14,,,,108
92,,,,,19.0,,,,,,,14,,,,108
93,,,,,19.0,,,,,,,15,,,,108
94,,,,,19.0,,,,,,,15,,,,108
95,,,,,19.0,,,,,,,15,,,,108
96,,,,,19.0,,,,,,,15,,,,108
97,,,,,19.0,,,,,,,15,,,,108
98,,,,,19.0,,,,,,,15,,,,108
99,,,,,19.0,,,,,,,15,,,,108
100,,,,,19.0,,,,,,,16,,,,108
101,,,,,19.0,,,,,,,16,,,,108
102,,,,,19.0,,,,,,,16,,,,108
103,,,,,19.0,,,,,,,16,,,,108
104,,,,,19.0,,,,,,,16,,,,108
105,,,,,19.0,,,,,,,16,,,,108
106,,,,,19.0,,,,,,,17,,,,108
107,,,,,19.0,,,,,,,17,,,,108
108,,,,,19.0,,,,,,,17,,,,108
109,,,,,19.0,,,,,,,17,,,,108
110,,,,,19.0,,,,,,,17,,,,108
111,,,,,19.0,,,,,,,18,,,,108
112,,,,,19.0,,,,,,,18,,,,108
113,,,,,19.0,,,,,,,18,,,,108
114,,,,,19.0,,,,,,,18,,,,108
115,,,,,19.0,,,,,,,18,,,,108
116,,,,,19.0,,,,,,,18,,,,108
117,,,,,19.0,,,,,,,18,,,,108
118,,,,,19.0,,,,,,,18,,,,108
119,,,,,19.0,,,,,,,19,,,,108
120,,,,,,,,,,,,19,,,,108
121,,,,,,,,,,,,19,,,,108
122,,,,,,,,,,,,19,,,,108
123,,,,,,,,,,,,19,,,,108
124,,,,,,,,,,,,19,,,,108
125,,,,,,,,,,,,19,,,,108
126,,,,,,,,,,,,19,,,,108
127,,,,,,,,,,,,19,,,,108
128,,,,,,,,,,,,19,,,,108
129,,,,,,,,,,,,19,,,,108
130,,,,,,,,,,,,19,,,,108
131,,,,,,,,,,,,19,,,,108
132,,,,,,,,,,,,19,,,,108
133,,,,,,,,,,,,19,,,,108
134,,,,,,,,,,,,19,,,,108
135,,,,,,,,,,,,19,,,,108
136,,,,,,,,,,,,19,,,,108
0,1.0,1.0,1.0,1.0,1.0,1.0,1.0,1.0,1.0,1.0,1.0,1,1.0,1.0,1.0,114
1,1.0,2.0,1.0,1.0,1.0,1.0,1.0,1.0,1.0,1.0,1.0,1,1.0,1.0,1.0,114
2,1.0,3.0,1.0,1.0,1.0,1.0,1.0,1.0,1.0,1.0,1.0,1,1.0,1.0,2.0,114
3,2.0,4.0,1.0,1.0,1.0,1.0,1.0,1.0,1.0,1.0,1.0,1,1.0,2.0,3.0,114
4,3.0,5.0,1.0,2.0,1.0,1.0,2.0,1.0,1.0,2.0,1.0,1,1.0,3.0,4.0,114
5,4.0,5.0,2.0,3.0,1.0,1.0,3.0,2.0,2.0,2.0,1.0,1,1.0,4.0,4.0,114
6,4.0,5.0,3.0,4.0,1.0,1.0,4.0,3.0,3.0,3.0,1.0,1,2.0,5.0,5.0,114
7,5.0,6.0,4.0,5.0,1.0,1.0,5.0,4.0,4.0,3.0,2.0,1,3.0,5.0,5.0,114
8,5.0,6.0,5.0,5.0,1.0,2.0,5.0,5.0,5.0,4.0,3.0,1,4.0,5.0,6.0,114
9,5.0,6.0,6.0,6.0,1.0,2.0,6.0,5.0,6.0,4.0,3.0,1,5.0,6.0,6.0,114
10,6.0,6.0,6.0,6.0,2.0,2.0,6.0,6.0,6.0,5.0,4.0,1,6.0,6.0,7.0,114
11,6.0,7.0,7.0,6.0,2.0,3.0,7.0,6.0,6.0,6.0,4.0,1,7.0,6.0,8.0,114
12,6.0,7.0,8.0,7.0,2.0,3.0,8.0,6.0,6.0,7.0,5.0,1,7.0,6.0,9.0,114
13,6.0,8.0,9.0,8.0,2.0,4.0,8.0,7.0,7.0,7.0,5.0,1,8.0,6.0,10.0,114
14,6.0,9.0,10.0,8.0,3.0,4.0,9.0,7.0,7.0,7.0,6.0,1,9.0,6.0,11.0,114
15,7.0,9.0,11.0,9.0,3.0,5.0,9.0,8.0,8.0,7.0,6.0,1,9.0,6.0,12.0,114
16,7.0,10.0,12.0,9.0,3.0,5.0,10.0,8.0,8.0,8.0,7.0,1,10.0,7.0,13.0,114
17,7.0,10.0,13.0,10.0,3.0,6.0,11.0,9.0,9.0,9.0,7.0,1,11.0,8.0,14.0,114
18,7.0,10.0,14.0,11.0,4.0,6.0,12.0,9.0,9.0,9.0,8.0,1,12.0,9.0,15.0,114
19,7.0,10.0,15.0,12.0,4.0,7.0,13.0,10.0,10.0,10.0,9.0,1,13.0,9.0,16.0,114
20,8.0,11.0,16.0,13.0,4.0,7.0,14.0,10.0,10.0,10.0,9.0,2,14.0,10.0,17.0,114
21,8.0,11.0,17.0,13.0,4.0,7.0,15.0,10.0,11.0,11.0,9.0,2,15.0,11.0,18.0,114
22,9.0,12.0,18.0,14.0,5.0,7.0,16.0,11.0,11.0,11.0,10.0,2,16.0,12.0,19.0,114
23,9.0,12.0,18.0,15.0,5.0,8.0,17.0,12.0,12.0,12.0,10.0,2,17.0,13.0,19.0,114
24,9.0,12.0,18.0,16.0,5.0,8.0,18.0,13.0,12.0,13.0,11.0,2,18.0,14.0,19.0,114
25,10.0,13.0,19.0,17.0,5.0,8.0,19.0,14.0,13.0,13.0,11.0,3,18.0,15.0,,114
26,10.0,13.0,19.0,18.0,6.0,9.0,19.0,15.0,14.0,13.0,12.0,3,19.0,16.0,,114
27,10.0,13.0,19.0,19.0,6.0,9.0,19.0,16.0,15.0,14.0,13.0,3,19.0,17.0,,114
28,10.0,14.0,19.0,19.0,6.0,9.0,19.0,17.0,16.0,14.0,14.0,3,19.0,18.0,,114
29,10.0,15.0,19.0,,7.0,10.0,19.0,18.0,17.0,15.0,15.0,3,19.0,18.0,,114
30,11.0,16.0,19.0,,7.0,10.0,19.0,19.0,18.0,15.0,16.0,4,19.0,18.0,,114
31,11.0,16.0,19.0,,7.0,10.0,,19.0,19.0,15.0,16.0,4,19.0,19.0,,114
32,11.0,17.0,19.0,,7.0,10.0,,19.0,19.0,16.0,17.0,4,19.0,20.0,,114
33,11.0,17.0,,,7.0,11.0,,19.0,19.0,16.0,17.0,4,19.0,19.0,,114
34,11.0,18.0,,,8.0,11.0,,19.0,19.0,17.0,18.0,4,,19.0,,114
35,12.0,18.0,,,8.0,11.0,,19.0,19.0,17.0,19.0,4,,,,114
36,12.0,19.0,,,8.0,12.0,,,19.0,18.0,19.0,5,,,,114
37,12.0,19.0,,,9.0,12.0,,,19.0,18.0,19.0,5,,,,114
38,12.0,19.0,,,9.0,13.0,,,19.0,18.0,19.0,5,,,,114
39,13.0,19.0,,,10.0,13.0,,,19.0,19.0,,5,,,,114
40,13.0,19.0,,,10.0,14.0,,,19.0,19.0,,5,,,,114
41,13.0,19.0,,,10.0,14.0,,,19.0,19.0,,5,,,,114
42,13.0,19.0,,,11.0,15.0,,,19.0,19.0,,6,,,,114
43,13.0,19.0,,,11.0,15.0,,,,19.0,,6,,,,114
44,14.0,19.0,,,11.0,16.0,,,,19.0,,6,,,,114
45,14.0,,,,12.0,16.0,,,,19.0,,6,,,,114
46,14.0,,,,12.0,17.0,,,,19.0,,6,,,,114
47,15.0,,,,12.0,17.0,,,,19.0,,7,,,,114
48,15.0,,,,12.0,18.0,,,,19.0,,7,,,,114
49,15.0,,,,13.0,18.0,,,,19.0,,7,,,,114
50,16.0,,,,13.0,18.0,,,,19.0,,7,,,,114
51,16.0,,,,13.0,18.0,,,,19.0,,7,,,,114
52,17.0,,,,13.0,19.0,,,,19.0,,8,,,,114
53,17.0,,,,13.0,19.0,,,,19.0,,8,,,,114
54,17.0,,,,14.0,19.0,,,,19.0,,8,,,,114
55,18.0,,,,14.0,19.0,,,,19.0,,8,,,,114
56,18.0,,,,14.0,19.0,,,,19.0,,8,,,,114
57,18.0,,,,14.0,19.0,,,,19.0,,8,,,,114
58,18.0,,,,14.0,19.0,,,,19.0,,8,,,,114
59,19.0,,,,15.0,19.0,,,,19.0,,9,,,,114
60,19.0,,,,15.0,19.0,,,,19.0,,9,,,,114
61,19.0,,,,15.0,19.0,,,,,,9,,,,114
62,19.0,,,,16.0,19.0,,,,,,9,,,,114
63,19.0,,,,16.0,19.0,,,,,,9,,,,114
64,19.0,,,,16.0,19.0,,,,,,9,,,,114
65,19.0,,,,17.0,19.0,,,,,,9,,,,114
66,19.0,,,,17.0,19.0,,,,,,9,,,,114
67,19.0,,,,18.0,19.0,,,,,,10,,,,114
68,19.0,,,,18.0,19.0,,,,,,10,,,,114
69,,,,,19.0,,,,,,,10,,,,114
70,,,,,19.0,,,,,,,10,,,,114
71,,,,,19.0,,,,,,,10,,,,114
72,,,,,19.0,,,,,,,10,,,,114
73,,,,,19.0,,,,,,,10,,,,114
74,,,,,19.0,,,,,,,11,,,,114
75,,,,,19.0,,,,,,,11,,,,114
76,,,,,19.0,,,,,,,11,,,,114
77,,,,,19.0,,,,,,,11,,,,114
78,,,,,19.0,,,,,,,11,,,,114
79,,,,,19.0,,,,,,,12,,,,114
80,,,,,19.0,,,,,,,12,,,,114
81,,,,,19.0,,,,,,,12,,,,114
82,,,,,19.0,,,,,,,12,,,,114
83,,,,,19.0,,,,,,,12,,,,114
84,,,,,19.0,,,,,,,12,,,,114
85,,,,,19.0,,,,,,,13,,,,114
86,,,,,19.0,,,,,,,13,,,,114
87,,,,,19.0,,,,,,,13,,,,114
88,,,,,19.0,,,,,,,13,,,,114
89,,,,,19.0,,,,,,,13,,,,114
90,,,,,19.0,,,,,,,14,,,,114
91,,,,,19.0,,,,,,,14,,,,114
92,,,,,19.0,,,,,,,14,,,,114
93,,,,,19.0,,,,,,,14,,,,114
94,,,,,19.0,,,,,,,14,,,,114
95,,,,,19.0,,,,,,,15,,,,114
96,,,,,19.0,,,,,,,15,,,,114
97,,,,,19.0,,,,,,,15,,,,114
98,,,,,19.0,,,,,,,15,,,,114
99,,,,,19.0,,,,,,,15,,,,114
100,,,,,19.0,,,,,,,16,,,,114
101,,,,,19.0,,,,,,,16,,,,114
102,,,,,19.0,,,,,,,16,,,,114
103,,,,,19.0,,,,,,,16,,,,114
104,,,,,19.0,,,,,,,16,,,,114
105,,,,,19.0,,,,,,,16,,,,114
106,,,,,19.0,,,,,,,17,,,,114
107,,,,,19.0,,,,,,,17,,,,114
108,,,,,19.0,,,,,,,17,,,,114
109,,,,,19.0,,,,,,,17,,,,114
110,,,,,19.0,,,,,,,17,,,,114
111,,,,,19.0,,,,,,,18,,,,114
112,,,,,19.0,,,,,,,18,,,,114
113,,,,,19.0,,,,,,,18,,,,114
114,,,,,19.0,,,,,,,18,,,,114
115,,,,,19.0,,,,,,,18,,,,114
116,,,,,19.0,,,,,,,18,,,,114
117,,,,,19.0,,,,,,,18,,,,114
118,,,,,19.0,,,,,,,18,,,,114
119,,,,,19.0,,,,,,,18,,,,114
120,,,,,,,,,,,,18,,,,114
121,,,,,,,,,,,,18,,,,114
122,,,,,,,,,,,,19,,,,114
123,,,,,,,,,,,,19,,,,114
124,,,,,,,,,,,,19,,,,114
125,,,,,,,,,,,,19,,,,114
126,,,,,,,,,,,,19,,,,114
127,,,,,,,,,,,,19,,,,114
128,,,,,,,,,,,,19,,,,114
129,,,,,,,,,,,,19,,,,114
130,,,,,,,,,,,,19,,,,114
131,,,,,,,,,,,,19,,,,114
132,,,,,,,,,,,,19,,,,114
133,,,,,,,,,,,,19,,,,114
134,,,,,,,,,,,,19,,,,114
135,,,,,,,,,,,,19,,,,114
136,,,,,,,,,,,,19,,,,114
0,1.0,1.0,1.0,1.0,1.0,1.0,1.0,1.0,1.0,1.0,1.0,1,1.0,1.0,1.0,120
1,1.0,2.0,1.0,1.0,1.0,1.0,1.0,1.0,1.0,1.0,1.0,1,1.0,1.0,1.0,120
2,1.0,3.0,1.0,1.0,1.0,1.0,1.0,1.0,1.0,1.0,1.0,1,1.0,1.0,2.0,120
3,2.0,4.0,1.0,1.0,1.0,1.0,1.0,1.0,1.0,1.0,1.0,1,1.0,2.0,3.0,120
4,3.0,5.0,1.0,1.0,1.0,1.0,2.0,1.0,1.0,1.0,1.0,1,1.0,2.0,4.0,120
5,4.0,5.0,1.0,1.0,1.0,1.0,3.0,2.0,1.0,2.0,1.0,1,1.0,2.0,4.0,120
6,4.0,5.0,2.0,2.0,1.0,1.0,4.0,3.0,1.0,2.0,1.0,1,2.0,3.0,5.0,120
7,5.0,6.0,3.0,3.0,1.0,1.0,5.0,4.0,2.0,3.0,1.0,1,3.0,3.0,5.0,120
8,5.0,6.0,4.0,4.0,1.0,1.0,5.0,5.0,3.0,3.0,1.0,1,4.0,3.0,6.0,120
9,5.0,6.0,5.0,5.0,1.0,1.0,5.0,5.0,4.0,4.0,2.0,1,5.0,4.0,6.0,120
10,5.0,6.0,6.0,6.0,1.0,1.0,6.0,6.0,5.0,4.0,2.0,1,6.0,4.0,7.0,120
11,6.0,7.0,7.0,6.0,1.0,2.0,6.0,6.0,6.0,5.0,3.0,1,6.0,4.0,8.0,120
12,6.0,7.0,8.0,7.0,2.0,2.0,6.0,6.0,6.0,5.0,3.0,1,7.0,5.0,9.0,120
13,6.0,7.0,9.0,7.0,2.0,3.0,7.0,6.0,7.0,6.0,4.0,1,7.0,5.0,10.0,120
14,6.0,7.0,10.0,7.0,3.0,3.0,8.0,7.0,7.0,6.0,4.0,1,8.0,5.0,11.0,120
15,6.0,8.0,10.0,8.0,3.0,4.0,9.0,7.0,7.0,7.0,5.0,1,9.0,6.0,12.0,120
16,6.0,8.0,11.0,9.0,3.0,4.0,10.0,7.0,7.0,7.0,5.0,1,10.0,6.0,13.0,120
17,6.0,9.0,12.0,10.0,3.0,5.0,11.0,8.0,8.0,8.0,6.0,1,11.0,6.0,14.0,120
18,7.0,9.0,12.0,11.0,4.0,5.0,12.0,9.0,9.0,9.0,7.0,1,12.0,7.0,15.0,120
19,7.0,10.0,13.0,12.0,4.0,6.0,13.0,10.0,10.0,9.0,7.0,1,13.0,8.0,16.0,120
20,7.0,10.0,14.0,13.0,4.0,6.0,14.0,10.0,10.0,10.0,8.0,2,14.0,9.0,17.0,120
21,7.0,10.0,15.0,13.0,4.0,6.0,15.0,10.0,11.0,10.0,9.0,2,15.0,9.0,17.0,120
22,8.0,11.0,16.0,14.0,5.0,7.0,16.0,11.0,11.0,10.0,9.0,2,16.0,10.0,18.0,120
23,8.0,11.0,17.0,15.0,5.0,7.0,17.0,12.0,12.0,11.0,10.0,2,17.0,11.0,19.0,120
24,8.0,12.0,18.0,16.0,5.0,7.0,18.0,12.0,12.0,11.0,10.0,2,18.0,12.0,19.0,120
25,9.0,12.0,19.0,17.0,5.0,8.0,19.0,13.0,13.0,12.0,11.0,3,18.0,13.0,,120
26,9.0,12.0,19.0,18.0,6.0,8.0,19.0,14.0,13.0,12.0,11.0,3,19.0,14.0,,120
27,9.0,13.0,19.0,19.0,6.0,9.0,19.0,15.0,14.0,13.0,12.0,3,19.0,15.0,,120
28,9.0,14.0,19.0,19.0,6.0,9.0,19.0,16.0,15.0,13.0,12.0,3,19.0,16.0,,120
29,10.0,15.0,19.0,,7.0,9.0,19.0,17.0,16.0,13.0,13.0,3,19.0,17.0,,120
30,10.0,16.0,19.0,,7.0,10.0,19.0,18.0,17.0,13.0,14.0,4,19.0,18.0,,120
31,10.0,16.0,19.0,,7.0,10.0,,19.0,18.0,14.0,15.0,4,19.0,19.0,,120
32,10.0,17.0,19.0,,7.0,10.0,,19.0,18.0,14.0,16.0,4,19.0,19.0,,120
33,10.0,17.0,,,7.0,10.0,,19.0,19.0,15.0,17.0,4,19.0,19.0,,120
34,11.0,18.0,,,8.0,11.0,,19.0,19.0,15.0,18.0,4,,19.0,,120
35,11.0,18.0,,,8.0,11.0,,19.0,19.0,16.0,19.0,4,,,,120
36,11.0,19.0,,,8.0,12.0,,,19.0,16.0,19.0,5,,,,120
37,11.0,19.0,,,9.0,12.0,,,19.0,17.0,19.0,5,,,,120
38,12.0,19.0,,,9.0,13.0,,,19.0,17.0,19.0,5,,,,120
39,12.0,19.0,,,10.0,13.0,,,19.0,18.0,,5,,,,120
40,12.0,19.0,,,10.0,13.0,,,19.0,19.0,,5,,,,120
41,13.0,19.0,,,10.0,13.0,,,19.0,19.0,,5,,,,120
42,13.0,19.0,,,10.0,14.0,,,19.0,19.0,,5,,,,120
43,13.0,19.0,,,10.0,14.0,,,,19.0,,6,,,,120
44,13.0,19.0,,,11.0,15.0,,,,19.0,,6,,,,120
45,13.0,,,,11.0,15.0,,,,19.0,,6,,,,120
46,14.0,,,,12.0,16.0,,,,19.0,,6,,,,120
47,14.0,,,,12.0,16.0,,,,19.0,,6,,,,120
48,14.0,,,,12.0,17.0,,,,19.0,,6,,,,120
49,15.0,,,,13.0,17.0,,,,19.0,,6,,,,120
50,15.0,,,,13.0,18.0,,,,19.0,,7,,,,120
51,16.0,,,,13.0,18.0,,,,19.0,,7,,,,120
52,17.0,,,,13.0,18.0,,,,19.0,,7,,,,120
53,17.0,,,,13.0,19.0,,,,19.0,,7,,,,120
54,17.0,,,,14.0,19.0,,,,19.0,,7,,,,120
55,18.0,,,,14.0,19.0,,,,19.0,,7,,,,120
56,18.0,,,,14.0,19.0,,,,19.0,,8,,,,120
57,18.0,,,,14.0,19.0,,,,19.0,,8,,,,120
58,18.0,,,,14.0,19.0,,,,19.0,,8,,,,120
59,19.0,,,,15.0,19.0,,,,19.0,,8,,,,120
60,19.0,,,,15.0,19.0,,,,19.0,,8,,,,120
61,19.0,,,,15.0,19.0,,,,,,8,,,,120
62,19.0,,,,16.0,19.0,,,,,,9,,,,120
63,19.0,,,,16.0,19.0,,,,,,9,,,,120
64,19.0,,,,16.0,19.0,,,,,,9,,,,120
65,19.0,,,,17.0,19.0,,,,,,9,,,,120
66,19.0,,,,17.0,19.0,,,,,,9,,,,120
67,19.0,,,,18.0,19.0,,,,,,9,,,,120
68,19.0,,,,18.0,19.0,,,,,,9,,,,120
69,,,,,19.0,,,,,,,10,,,,120
70,,,,,19.0,,,,,,,10,,,,120
71,,,,,19.0,,,,,,,10,,,,120
72,,,,,19.0,,,,,,,10,,,,120
73,,,,,19.0,,,,,,,10,,,,120
74,,,,,19.0,,,,,,,10,,,,120
75,,,,,19.0,,,,,,,11,,,,120
76,,,,,19.0,,,,,,,11,,,,120
77,,,,,19.0,,,,,,,11,,,,120
78,,,,,19.0,,,,,,,11,,,,120
79,,,,,19.0,,,,,,,11,,,,120
80,,,,,19.0,,,,,,,12,,,,120
81,,,,,19.0,,,,,,,12,,,,120
82,,,,,19.0,,,,,,,12,,,,120
83,,,,,19.0,,,,,,,12,,,,120
84,,,,,19.0,,,,,,,12,,,,120
85,,,,,19.0,,,,,,,12,,,,120
86,,,,,19.0,,,,,,,13,,,,120
87,,,,,19.0,,,,,,,13,,,,120
88,,,,,19.0,,,,,,,13,,,,120
89,,,,,19.0,,,,,,,13,,,,120
90,,,,,19.0,,,,,,,13,,,,120
91,,,,,19.0,,,,,,,13,,,,120
92,,,,,19.0,,,,,,,13,,,,120
93,,,,,19.0,,,,,,,14,,,,120
94,,,,,19.0,,,,,,,14,,,,120
95,,,,,19.0,,,,,,,14,,,,120
96,,,,,19.0,,,,,,,14,,,,120
97,,,,,19.0,,,,,,,15,,,,120
98,,,,,19.0,,,,,,,15,,,,120
99,,,,,19.0,,,,,,,15,,,,120
100,,,,,19.0,,,,,,,16,,,,120
101,,,,,19.0,,,,,,,16,,,,120
102,,,,,19.0,,,,,,,16,,,,120
103,,,,,19.0,,,,,,,16,,,,120
104,,,,,19.0,,,,,,,16,,,,120
105,,,,,19.0,,,,,,,16,,,,120
106,,,,,19.0,,,,,,,17,,,,120
107,,,,,19.0,,,,,,,17,,,,120
108,,,,,19.0,,,,,,,17,,,,120
109,,,,,19.0,,,,,,,17,,,,120
110,,,,,19.0,,,,,,,17,,,,120
111,,,,,19.0,,,,,,,18,,,,120
112,,,,,19.0,,,,,,,18,,,,120
113,,,,,19.0,,,,,,,18,,,,120
114,,,,,19.0,,,,,,,18,,,,120
115,,,,,19.0,,,,,,,18,,,,120
116,,,,,19.0,,,,,,,18,,,,120
117,,,,,19.0,,,,,,,18,,,,120
118,,,,,19.0,,,,,,,18,,,,120
119,,,,,19.0,,,,,,,18,,,,120
120,,,,,,,,,,,,18,,,,120
121,,,,,,,,,,,,18,,,,120
122,,,,,,,,,,,,19,,,,120
123,,,,,,,,,,,,19,,,,120
124,,,,,,,,,,,,19,,,,120
125,,,,,,,,,,,,19,,,,120
126,,,,,,,,,,,,19,,,,120
127,,,,,,,,,,,,19,,,,120
128,,,,,,,,,,,,19,,,,120
129,,,,,,,,,,,,19,,,,120
130,,,,,,,,,,,,19,,,,120
131,,,,,,,,,,,,19,,,,120
132,,,,,,,,,,,,19,,,,120
133,,,,,,,,,,,,19,,,,120
134,,,,,,,,,,,,19,,,,120
135,,,,,,,,,,,,19,,,,120
136,,,,,,,,,,,,19,,,,120
0,1.0,1.0,1.0,1.0,1.0,1.0,1.0,1.0,1.0,1.0,1.0,1,1.0,1.0,1.0,126
1,1.0,2.0,1.0,1.0,1.0,1.0,1.0,1.0,1.0,1.0,1.0,1,1.0,1.0,1.0,126
2,1.0,3.0,1.0,1.0,1.0,1.0,1.0,1.0,1.0,1.0,1.0,1,1.0,1.0,2.0,126
3,2.0,4.0,1.0,1.0,1.0,1.0,1.0,1.0,1.0,1.0,1.0,1,1.0,2.0,3.0,126
4,3.0,4.0,1.0,1.0,1.0,1.0,1.0,1.0,1.0,1.0,1.0,1,1.0,2.0,4.0,126
5,4.0,5.0,1.0,1.0,1.0,1.0,2.0,2.0,1.0,2.0,1.0,1,1.0,2.0,4.0,126
6,4.0,5.0,2.0,2.0,1.0,1.0,3.0,3.0,1.0,2.0,1.0,1,2.0,3.0,5.0,126
7,5.0,5.0,3.0,3.0,1.0,1.0,4.0,4.0,2.0,3.0,1.0,1,3.0,3.0,5.0,126
8,5.0,6.0,4.0,4.0,1.0,1.0,5.0,4.0,3.0,3.0,1.0,1,4.0,3.0,6.0,126
9,5.0,6.0,5.0,5.0,1.0,1.0,5.0,5.0,4.0,4.0,2.0,1,5.0,4.0,6.0,126
10,5.0,6.0,6.0,5.0,1.0,1.0,6.0,5.0,5.0,4.0,2.0,1,5.0,4.0,7.0,126
11,6.0,6.0,7.0,6.0,1.0,2.0,6.0,6.0,5.0,5.0,3.0,1,6.0,4.0,8.0,126
12,6.0,7.0,8.0,6.0,1.0,2.0,6.0,6.0,6.0,5.0,3.0,1,6.0,5.0,9.0,126
13,6.0,7.0,9.0,7.0,1.0,3.0,7.0,6.0,6.0,6.0,4.0,1,7.0,5.0,10.0,126
14,6.0,7.0,10.0,7.0,1.0,3.0,8.0,6.0,6.0,6.0,4.0,1,7.0,5.0,11.0,126
15,6.0,8.0,10.0,8.0,1.0,4.0,9.0,7.0,7.0,7.0,5.0,1,8.0,6.0,12.0,126
16,6.0,8.0,11.0,9.0,2.0,4.0,10.0,7.0,7.0,7.0,5.0,1,9.0,6.0,13.0,126
17,6.0,9.0,12.0,10.0,2.0,5.0,11.0,7.0,7.0,8.0,6.0,1,10.0,6.0,14.0,126
18,6.0,9.0,12.0,11.0,2.0,5.0,12.0,8.0,8.0,8.0,7.0,1,11.0,7.0,15.0,126
19,7.0,10.0,13.0,12.0,2.0,6.0,12.0,9.0,9.0,9.0,7.0,1,12.0,8.0,16.0,126
20,7.0,10.0,14.0,13.0,2.0,6.0,13.0,10.0,10.0,9.0,7.0,1,13.0,8.0,17.0,126
21,7.0,10.0,15.0,13.0,2.0,6.0,14.0,10.0,10.0,10.0,8.0,1,14.0,9.0,17.0,126
22,8.0,11.0,16.0,14.0,3.0,6.0,15.0,11.0,10.0,10.0,9.0,1,15.0,9.0,18.0,126
23,8.0,11.0,17.0,15.0,3.0,7.0,16.0,12.0,11.0,10.0,10.0,1,16.0,10.0,18.0,126
24,8.0,12.0,18.0,16.0,3.0,7.0,17.0,12.0,11.0,11.0,10.0,2,17.0,11.0,19.0,126
25,9.0,12.0,19.0,17.0,4.0,7.0,18.0,13.0,12.0,11.0,10.0,2,18.0,12.0,,126
26,9.0,12.0,19.0,18.0,4.0,7.0,19.0,14.0,13.0,12.0,11.0,2,18.0,13.0,,126
27,9.0,13.0,19.0,19.0,4.0,7.0,19.0,15.0,13.0,12.0,12.0,2,18.0,14.0,,126
28,9.0,14.0,19.0,19.0,5.0,8.0,19.0,16.0,13.0,13.0,12.0,3,19.0,15.0,,126
29,10.0,15.0,19.0,,5.0,8.0,19.0,17.0,14.0,13.0,13.0,3,19.0,16.0,,126
30,10.0,16.0,19.0,,6.0,9.0,19.0,18.0,15.0,13.0,14.0,3,19.0,17.0,,126
31,10.0,16.0,19.0,,6.0,9.0,,19.0,16.0,14.0,15.0,3,19.0,18.0,,126
32,10.0,17.0,19.0,,6.0,10.0,,19.0,17.0,14.0,16.0,4,19.0,19.0,,126
33,10.0,17.0,,,7.0,10.0,,19.0,18.0,15.0,17.0,4,19.0,19.0,,126
34,11.0,18.0,,,7.0,10.0,,19.0,18.0,15.0,18.0,4,,19.0,,126
35,11.0,18.0,,,7.0,11.0,,19.0,19.0,16.0,19.0,4,,,,126
36,11.0,18.0,,,7.0,11.0,,,19.0,16.0,19.0,4,,,,126
37,11.0,18.0,,,7.0,11.0,,,19.0,17.0,19.0,4,,,,126
38,12.0,18.0,,,8.0,12.0,,,19.0,17.0,19.0,4,,,,126
39,12.0,19.0,,,8.0,12.0,,,19.0,18.0,,5,,,,126
40,12.0,19.0,,,9.0,13.0,,,19.0,18.0,,5,,,,126
41,12.0,19.0,,,9.0,13.0,,,19.0,18.0,,5,,,,126
42,12.0,19.0,,,10.0,13.0,,,19.0,19.0,,5,,,,126
43,13.0,19.0,,,10.0,13.0,,,,19.0,,5,,,,126
44,13.0,19.0,,,10.0,14.0,,,,19.0,,5,,,,126
45,13.0,,,,10.0,14.0,,,,19.0,,6,,,,126
46,13.0,,,,10.0,14.0,,,,19.0,,6,,,,126
47,13.0,,,,10.0,15.0,,,,19.0,,6,,,,126
48,14.0,,,,11.0,15.0,,,,19.0,,6,,,,126
49,15.0,,,,11.0,15.0,,,,19.0,,6,,,,126
50,15.0,,,,11.0,16.0,,,,19.0,,6,,,,126
51,16.0,,,,12.0,16.0,,,,19.0,,6,,,,126
52,16.0,,,,12.0,17.0,,,,19.0,,6,,,,126
53,17.0,,,,13.0,17.0,,,,19.0,,7,,,,126
54,17.0,,,,13.0,18.0,,,,19.0,,7,,,,126
55,17.0,,,,13.0,19.0,,,,19.0,,7,,,,126
56,18.0,,,,13.0,19.0,,,,19.0,,7,,,,126
57,18.0,,,,13.0,19.0,,,,19.0,,7,,,,126
58,18.0,,,,13.0,19.0,,,,19.0,,7,,,,126
59,18.0,,,,14.0,19.0,,,,19.0,,7,,,,126
60,19.0,,,,14.0,19.0,,,,19.0,,8,,,,126
61,19.0,,,,14.0,19.0,,,,,,8,,,,126
62,19.0,,,,14.0,19.0,,,,,,8,,,,126
63,19.0,,,,15.0,19.0,,,,,,8,,,,126
64,19.0,,,,15.0,19.0,,,,,,8,,,,126
65,19.0,,,,15.0,19.0,,,,,,8,,,,126
66,19.0,,,,15.0,19.0,,,,,,9,,,,126
67,19.0,,,,15.0,19.0,,,,,,9,,,,126
68,19.0,,,,16.0,19.0,,,,,,9,,,,126
69,,,,,16.0,,,,,,,9,,,,126
70,,,,,16.0,,,,,,,9,,,,126
71,,,,,17.0,,,,,,,9,,,,126
72,,,,,17.0,,,,,,,9,,,,126
73,,,,,17.0,,,,,,,10,,,,126
74,,,,,18.0,,,,,,,10,,,,126
75,,,,,18.0,,,,,,,10,,,,126
76,,,,,18.0,,,,,,,10,,,,126
77,,,,,18.0,,,,,,,10,,,,126
78,,,,,19.0,,,,,,,10,,,,126
79,,,,,19.0,,,,,,,10,,,,126
80,,,,,19.0,,,,,,,11,,,,126
81,,,,,19.0,,,,,,,11,,,,126
82,,,,,19.0,,,,,,,11,,,,126
83,,,,,19.0,,,,,,,11,,,,126
84,,,,,19.0,,,,,,,11,,,,126
85,,,,,19.0,,,,,,,11,,,,126
86,,,,,19.0,,,,,,,12,,,,126
87,,,,,19.0,,,,,,,12,,,,126
88,,,,,19.0,,,,,,,12,,,,126
89,,,,,19.0,,,,,,,12,,,,126
90,,,,,19.0,,,,,,,12,,,,126
91,,,,,19.0,,,,,,,12,,,,126
92,,,,,19.0,,,,,,,13,,,,126
93,,,,,19.0,,,,,,,13,,,,126
94,,,,,19.0,,,,,,,13,,,,126
95,,,,,19.0,,,,,,,13,,,,126
96,,,,,19.0,,,,,,,13,,,,126
97,,,,,19.0,,,,,,,13,,,,126
98,,,,,19.0,,,,,,,14,,,,126
99,,,,,19.0,,,,,,,14,,,,126
100,,,,,19.0,,,,,,,14,,,,126
101,,,,,19.0,,,,,,,14,,,,126
102,,,,,19.0,,,,,,,15,,,,126
103,,,,,19.0,,,,,,,15,,,,126
104,,,,,19.0,,,,,,,15,,,,126
105,,,,,19.0,,,,,,,15,,,,126
106,,,,,19.0,,,,,,,15,,,,126
107,,,,,19.0,,,,,,,15,,,,126
108,,,,,19.0,,,,,,,16,,,,126
109,,,,,19.0,,,,,,,16,,,,126
110,,,,,19.0,,,,,,,16,,,,126
111,,,,,19.0,,,,,,,16,,,,126
112,,,,,19.0,,,,,,,16,,,,126
113,,,,,19.0,,,,,,,17,,,,126
114,,,,,19.0,,,,,,,17,,,,126
115,,,,,19.0,,,,,,,17,,,,126
116,,,,,19.0,,,,,,,17,,,,126
117,,,,,19.0,,,,,,,17,,,,126
118,,,,,19.0,,,,,,,18,,,,126
119,,,,,19.0,,,,,,,18,,,,126
120,,,,,,,,,,,,18,,,,126
121,,,,,,,,,,,,18,,,,126
122,,,,,,,,,,,,18,,,,126
123,,,,,,,,,,,,18,,,,126
124,,,,,,,,,,,,18,,,,126
125,,,,,,,,,,,,19,,,,126
126,,,,,,,,,,,,19,,,,126
127,,,,,,,,,,,,19,,,,126
128,,,,,,,,,,,,19,,,,126
129,,,,,,,,,,,,19,,,,126
130,,,,,,,,,,,,19,,,,126
131,,,,,,,,,,,,19,,,,126
132,,,,,,,,,,,,19,,,,126
133,,,,,,,,,,,,19,,,,126
134,,,,,,,,,,,,19,,,,126
135,,,,,,,,,,,,19,,,,126
136,,,,,,,,,,,,19,,,,126
0,1.0,1.0,1.0,1.0,1.0,1.0,1.0,1.0,1.0,1.0,1.0,1,1.0,1.0,1.0,132
1,1.0,2.0,1.0,1.0,1.0,1.0,1.0,1.0,1.0,1.0,1.0,1,1.0,1.0,1.0,132
2,1.0,2.0,1.0,1.0,1.0,1.0,1.0,1.0,1.0,1.0,1.0,1,1.0,1.0,2.0,132
3,1.0,3.0,1.0,1.0,1.0,1.0,1.0,1.0,1.0,1.0,1.0,1,1.0,1.0,3.0,132
4,1.0,3.0,1.0,1.0,1.0,1.0,1.0,1.0,1.0,1.0,1.0,1,1.0,1.0,4.0,132
5,2.0,4.0,1.0,1.0,1.0,1.0,1.0,1.0,1.0,1.0,1.0,1,1.0,2.0,4.0,132
6,2.0,4.0,2.0,2.0,1.0,1.0,2.0,1.0,1.0,1.0,1.0,1,1.0,2.0,5.0,132
7,2.0,5.0,3.0,3.0,1.0,1.0,3.0,2.0,2.0,1.0,1.0,1,1.0,2.0,5.0,132
8,2.0,5.0,4.0,4.0,1.0,1.0,4.0,3.0,3.0,1.0,1.0,1,2.0,3.0,5.0,132
9,3.0,5.0,5.0,5.0,1.0,1.0,5.0,4.0,4.0,2.0,1.0,1,3.0,3.0,6.0,132
10,3.0,6.0,6.0,5.0,1.0,1.0,5.0,5.0,5.0,3.0,1.0,1,4.0,3.0,6.0,132
11,4.0,6.0,6.0,6.0,1.0,1.0,6.0,5.0,5.0,3.0,2.0,1,5.0,4.0,6.0,132
12,4.0,6.0,7.0,6.0,1.0,2.0,6.0,6.0,6.0,4.0,2.0,1,6.0,4.0,7.0,132
13,5.0,6.0,7.0,6.0,1.0,2.0,7.0,6.0,6.0,4.0,3.0,1,6.0,5.0,8.0,132
14,5.0,7.0,8.0,7.0,1.0,3.0,8.0,6.0,6.0,5.0,3.0,1,7.0,5.0,9.0,132
15,5.0,7.0,9.0,8.0,1.0,3.0,9.0,7.0,7.0,5.0,4.0,1,7.0,5.0,10.0,132
16,6.0,7.0,10.0,9.0,1.0,4.0,10.0,7.0,7.0,6.0,5.0,1,8.0,6.0,11.0,132
17,6.0,8.0,11.0,10.0,1.0,4.0,11.0,7.0,7.0,6.0,6.0,1,9.0,6.0,12.0,132
18,6.0,8.0,12.0,11.0,2.0,5.0,12.0,8.0,8.0,7.0,7.0,1,10.0,7.0,13.0,132
19,6.0,9.0,13.0,12.0,2.0,5.0,12.0,9.0,8.0,7.0,7.0,1,11.0,7.0,14.0,132
20,6.0,9.0,14.0,12.0,2.0,5.0,13.0,9.0,8.0,7.0,7.0,1,12.0,7.0,15.0,132
21,7.0,10.0,15.0,12.0,2.0,5.0,14.0,10.0,9.0,8.0,8.0,1,13.0,8.0,16.0,132
22,7.0,10.0,16.0,13.0,3.0,6.0,15.0,10.0,9.0,9.0,8.0,1,14.0,9.0,17.0,132
23,7.0,11.0,17.0,14.0,3.0,6.0,16.0,11.0,9.0,10.0,9.0,1,15.0,10.0,18.0,132
24,7.0,11.0,18.0,15.0,3.0,6.0,17.0,12.0,10.0,10.0,9.0,1,16.0,11.0,19.0,132
25,8.0,12.0,19.0,16.0,4.0,6.0,18.0,13.0,11.0,10.0,9.0,1,17.0,12.0,,132
26,8.0,12.0,19.0,17.0,4.0,6.0,19.0,14.0,11.0,11.0,10.0,1,18.0,13.0,,132
27,8.0,13.0,19.0,18.0,4.0,7.0,19.0,15.0,12.0,12.0,11.0,1,18.0,14.0,,132
28,8.0,13.0,19.0,19.0,5.0,7.0,19.0,16.0,13.0,13.0,12.0,2,19.0,15.0,,132
29,9.0,14.0,19.0,,5.0,7.0,19.0,17.0,14.0,13.0,13.0,2,19.0,16.0,,132
30,9.0,14.0,19.0,,5.0,8.0,19.0,18.0,15.0,13.0,14.0,2,19.0,17.0,,132
31,9.0,15.0,19.0,,5.0,8.0,,19.0,16.0,13.0,15.0,3,19.0,18.0,,132
32,9.0,15.0,19.0,,6.0,9.0,,19.0,17.0,14.0,16.0,3,19.0,19.0,,132
33,10.0,16.0,,,6.0,9.0,,19.0,18.0,15.0,17.0,3,19.0,19.0,,132
34,10.0,16.0,,,6.0,10.0,,19.0,18.0,15.0,18.0,4,,19.0,,132
35,10.0,17.0,,,6.0,10.0,,19.0,19.0,16.0,18.0,4,,,,132
36,10.0,17.0,,,6.0,10.0,,,19.0,16.0,19.0,4,,,,132
37,10.0,18.0,,,7.0,11.0,,,19.0,17.0,19.0,4,,,,132
38,10.0,18.0,,,7.0,11.0,,,19.0,17.0,19.0,4,,,,132
39,10.0,19.0,,,7.0,11.0,,,19.0,18.0,,5,,,,132
40,11.0,19.0,,,7.0,12.0,,,19.0,18.0,,5,,,,132
41,11.0,19.0,,,8.0,12.0,,,19.0,18.0,,5,,,,132
42,11.0,19.0,,,8.0,12.0,,,19.0,19.0,,5,,,,132
43,12.0,19.0,,,9.0,13.0,,,,19.0,,5,,,,132
44,12.0,19.0,,,9.0,13.0,,,,19.0,,5,,,,132
45,12.0,,,,10.0,14.0,,,,19.0,,6,,,,132
46,12.0,,,,10.0,14.0,,,,19.0,,6,,,,132
47,13.0,,,,10.0,15.0,,,,19.0,,6,,,,132
48,13.0,,,,10.0,15.0,,,,19.0,,6,,,,132
49,13.0,,,,10.0,15.0,,,,19.0,,6,,,,132
50,13.0,,,,11.0,16.0,,,,19.0,,6,,,,132
51,13.0,,,,11.0,16.0,,,,19.0,,6,,,,132
52,14.0,,,,11.0,17.0,,,,19.0,,6,,,,132
53,14.0,,,,11.0,17.0,,,,19.0,,6,,,,132
54,14.0,,,,12.0,18.0,,,,19.0,,6,,,,132
55,15.0,,,,12.0,19.0,,,,19.0,,6,,,,132
56,15.0,,,,12.0,19.0,,,,19.0,,6,,,,132
57,16.0,,,,12.0,19.0,,,,19.0,,7,,,,132
58,17.0,,,,13.0,19.0,,,,19.0,,7,,,,132
59,18.0,,,,13.0,19.0,,,,19.0,,7,,,,132
60,19.0,,,,13.0,19.0,,,,19.0,,7,,,,132
61,19.0,,,,14.0,19.0,,,,,,7,,,,132
62,19.0,,,,14.0,19.0,,,,,,7,,,,132
63,19.0,,,,14.0,19.0,,,,,,8,,,,132
64,19.0,,,,15.0,19.0,,,,,,8,,,,132
65,19.0,,,,15.0,19.0,,,,,,8,,,,132
66,19.0,,,,15.0,19.0,,,,,,8,,,,132
67,19.0,,,,15.0,19.0,,,,,,8,,,,132
68,19.0,,,,16.0,19.0,,,,,,8,,,,132
69,,,,,16.0,,,,,,,8,,,,132
70,,,,,16.0,,,,,,,9,,,,132
71,,,,,17.0,,,,,,,9,,,,132
72,,,,,17.0,,,,,,,9,,,,132
73,,,,,17.0,,,,,,,9,,,,132
74,,,,,18.0,,,,,,,9,,,,132
75,,,,,18.0,,,,,,,9,,,,132
76,,,,,18.0,,,,,,,9,,,,132
77,,,,,18.0,,,,,,,9,,,,132
78,,,,,18.0,,,,,,,9,,,,132
79,,,,,18.0,,,,,,,10,,,,132
80,,,,,19.0,,,,,,,10,,,,132
81,,,,,19.0,,,,,,,10,,,,132
82,,,,,19.0,,,,,,,10,,,,132
83,,,,,19.0,,,,,,,10,,,,132
84,,,,,19.0,,,,,,,10,,,,132
85,,,,,19.0,,,,,,,11,,,,132
86,,,,,19.0,,,,,,,11,,,,132
87,,,,,19.0,,,,,,,11,,,,132
88,,,,,19.0,,,,,,,11,,,,132
89,,,,,19.0,,,,,,,12,,,,132
90,,,,,19.0,,,,,,,12,,,,132
91,,,,,19.0,,,,,,,12,,,,132
92,,,,,19.0,,,,,,,12,,,,132
93,,,,,19.0,,,,,,,13,,,,132
94,,,,,19.0,,,,,,,13,,,,132
95,,,,,19.0,,,,,,,13,,,,132
96,,,,,19.0,,,,,,,13,,,,132
97,,,,,19.0,,,,,,,13,,,,132
98,,,,,19.0,,,,,,,13,,,,132
99,,,,,19.0,,,,,,,14,,,,132
100,,,,,19.0,,,,,,,14,,,,132
101,,,,,19.0,,,,,,,14,,,,132
102,,,,,19.0,,,,,,,15,,,,132
103,,,,,19.0,,,,,,,15,,,,132
104,,,,,19.0,,,,,,,15,,,,132
105,,,,,19.0,,,,,,,15,,,,132
106,,,,,19.0,,,,,,,15,,,,132
107,,,,,19.0,,,,,,,15,,,,132
108,,,,,19.0,,,,,,,16,,,,132
109,,,,,19.0,,,,,,,16,,,,132
110,,,,,19.0,,,,,,,16,,,,132
111,,,,,19.0,,,,,,,16,,,,132
112,,,,,19.0,,,,,,,16,,,,132
113,,,,,19.0,,,,,,,17,,,,132
114,,,,,19.0,,,,,,,17,,,,132
115,,,,,19.0,,,,,,,17,,,,132
116,,,,,19.0,,,,,,,17,,,,132
117,,,,,19.0,,,,,,,17,,,,132
118,,,,,19.0,,,,,,,18,,,,132
119,,,,,19.0,,,,,,,18,,,,132
120,,,,,,,,,,,,18,,,,132
121,,,,,,,,,,,,18,,,,132
122,,,,,,,,,,,,18,,,,132
123,,,,,,,,,,,,18,,,,132
124,,,,,,,,,,,,18,,,,132
125,,,,,,,,,,,,18,,,,132
126,,,,,,,,,,,,18,,,,132
127,,,,,,,,,,,,18,,,,132
128,,,,,,,,,,,,19,,,,132
129,,,,,,,,,,,,19,,,,132
130,,,,,,,,,,,,19,,,,132
131,,,,,,,,,,,,19,,,,132
132,,,,,,,,,,,,19,,,,132
133,,,,,,,,,,,,19,,,,132
134,,,,,,,,,,,,19,,,,132
135,,,,,,,,,,,,19,,,,132
136,,,,,,,,,,,,19,,,,132
0,1.0,1.0,1.0,1.0,1.0,1.0,1.0,1.0,1.0,1.0,1.0,1,1.0,1.0,1.0,144
1,1.0,2.0,1.0,1.0,1.0,1.0,1.0,1.0,1.0,1.0,1.0,1,1.0,1.0,1.0,144
2,1.0,2.0,1.0,1.0,1.0,1.0,1.0,1.0,1.0,1.0,1.0,1,1.0,1.0,2.0,144
3,1.0,3.0,1.0,1.0,1.0,1.0,1.0,1.0,1.0,1.0,1.0,1,1.0,1.0,3.0,144
4,1.0,3.0,1.0,1.0,1.0,1.0,1.0,1.0,1.0,1.0,1.0,1,1.0,1.0,4.0,144
5,2.0,4.0,1.0,1.0,1.0,1.0,1.0,1.0,1.0,1.0,1.0,1,1.0,2.0,4.0,144
6,2.0,4.0,2.0,1.0,1.0,1.0,2.0,1.0,1.0,1.0,1.0,1,1.0,2.0,5.0,144
7,2.0,5.0,3.0,1.0,1.0,1.0,3.0,2.0,1.0,1.0,1.0,1,1.0,2.0,5.0,144
8,2.0,5.0,4.0,1.0,1.0,1.0,4.0,3.0,1.0,1.0,1.0,1,2.0,3.0,6.0,144
9,3.0,5.0,5.0,2.0,1.0,1.0,5.0,4.0,1.0,2.0,1.0,1,3.0,3.0,6.0,144
10,3.0,5.0,6.0,3.0,1.0,1.0,5.0,5.0,2.0,3.0,1.0,1,4.0,3.0,6.0,144
11,4.0,6.0,6.0,4.0,1.0,1.0,6.0,5.0,3.0,3.0,2.0,1,5.0,4.0,6.0,144
12,4.0,6.0,7.0,5.0,1.0,1.0,6.0,6.0,4.0,4.0,2.0,1,6.0,4.0,7.0,144
13,5.0,6.0,7.0,6.0,1.0,1.0,7.0,6.0,5.0,4.0,3.0,1,6.0,5.0,8.0,144
14,5.0,6.0,8.0,7.0,1.0,1.0,8.0,6.0,5.0,5.0,3.0,1,7.0,5.0,9.0,144
15,5.0,6.0,9.0,8.0,1.0,1.0,9.0,7.0,6.0,5.0,4.0,1,7.0,5.0,10.0,144
16,6.0,7.0,9.0,9.0,1.0,2.0,9.0,7.0,6.0,6.0,5.0,1,8.0,6.0,11.0,144
17,6.0,7.0,10.0,9.0,1.0,2.0,9.0,7.0,7.0,6.0,5.0,1,9.0,6.0,12.0,144
18,6.0,8.0,11.0,10.0,1.0,2.0,10.0,7.0,7.0,7.0,6.0,1,9.0,7.0,13.0,144
19,6.0,8.0,12.0,11.0,1.0,3.0,11.0,8.0,7.0,7.0,6.0,1,10.0,7.0,14.0,144
20,6.0,9.0,13.0,12.0,1.0,3.0,12.0,8.0,8.0,7.0,6.0,1,11.0,7.0,15.0,144
21,6.0,9.0,14.0,12.0,1.0,4.0,13.0,9.0,8.0,8.0,7.0,1,12.0,8.0,16.0,144
22,6.0,10.0,15.0,13.0,2.0,4.0,14.0,9.0,9.0,8.0,8.0,1,13.0,9.0,17.0,144
23,6.0,10.0,16.0,14.0,2.0,5.0,15.0,10.0,9.0,9.0,9.0,1,14.0,10.0,18.0,144
24,7.0,10.0,17.0,15.0,2.0,5.0,16.0,10.0,9.0,9.0,9.0,1,15.0,11.0,19.0,144
25,7.0,10.0,18.0,16.0,3.0,6.0,17.0,11.0,10.0,9.0,9.0,1,16.0,12.0,,144
26,7.0,11.0,19.0,17.0,3.0,6.0,18.0,12.0,10.0,9.0,10.0,1,17.0,13.0,,144
27,7.0,11.0,19.0,18.0,3.0,7.0,19.0,13.0,11.0,10.0,11.0,1,18.0,14.0,,144
28,8.0,12.0,19.0,19.0,3.0,7.0,19.0,14.0,11.0,10.0,11.0,2,19.0,15.0,,144
29,8.0,13.0,19.0,,4.0,7.0,19.0,15.0,12.0,11.0,12.0,2,19.0,16.0,,144
30,8.0,13.0,19.0,,4.0,8.0,19.0,16.0,13.0,12.0,12.0,2,19.0,17.0,,144
31,8.0,13.0,19.0,,4.0,8.0,,17.0,13.0,13.0,13.0,3,19.0,18.0,,144
32,9.0,14.0,19.0,,5.0,8.0,,18.0,14.0,13.0,14.0,3,19.0,19.0,,144
33,9.0,15.0,,,5.0,9.0,,19.0,15.0,13.0,15.0,3,19.0,19.0,,144
34,9.0,15.0,,,5.0,9.0,,19.0,16.0,14.0,16.0,4,,19.0,,144
35,9.0,16.0,,,6.0,9.0,,19.0,17.0,15.0,17.0,4,,,,144
36,9.0,16.0,,,6.0,10.0,,,18.0,16.0,18.0,4,,,,144
37,9.0,17.0,,,7.0,10.0,,,19.0,17.0,19.0,4,,,,144
38,9.0,17.0,,,7.0,10.0,,,19.0,17.0,19.0,4,,,,144
39,10.0,18.0,,,7.0,10.0,,,19.0,18.0,,5,,,,144
40,10.0,18.0,,,7.0,11.0,,,19.0,18.0,,5,,,,144
41,10.0,19.0,,,8.0,11.0,,,19.0,18.0,,5,,,,144
42,10.0,19.0,,,8.0,12.0,,,19.0,19.0,,5,,,,144
43,11.0,19.0,,,8.0,12.0,,,,19.0,,5,,,,144
44,11.0,19.0,,,9.0,13.0,,,,19.0,,5,,,,144
45,11.0,,,,9.0,13.0,,,,19.0,,5,,,,144
46,11.0,,,,9.0,13.0,,,,19.0,,6,,,,144
47,12.0,,,,9.0,13.0,,,,19.0,,6,,,,144
48,12.0,,,,9.0,13.0,,,,19.0,,6,,,,144
49,12.0,,,,9.0,13.0,,,,19.0,,6,,,,144
50,12.0,,,,10.0,14.0,,,,19.0,,6,,,,144
51,13.0,,,,10.0,14.0,,,,19.0,,6,,,,144
52,13.0,,,,10.0,15.0,,,,19.0,,6,,,,144
53,13.0,,,,10.0,15.0,,,,19.0,,6,,,,144
54,13.0,,,,10.0,16.0,,,,19.0,,6,,,,144
55,14.0,,,,10.0,16.0,,,,19.0,,6,,,,144
56,15.0,,,,11.0,17.0,,,,19.0,,6,,,,144
57,16.0,,,,11.0,17.0,,,,19.0,,6,,,,144
58,17.0,,,,12.0,18.0,,,,19.0,,6,,,,144
59,18.0,,,,12.0,19.0,,,,19.0,,6,,,,144
60,19.0,,,,13.0,19.0,,,,19.0,,6,,,,144
61,19.0,,,,13.0,19.0,,,,,,6,,,,144
62,19.0,,,,13.0,19.0,,,,,,7,,,,144
63,19.0,,,,13.0,19.0,,,,,,7,,,,144
64,19.0,,,,13.0,19.0,,,,,,7,,,,144
65,19.0,,,,13.0,19.0,,,,,,7,,,,144
66,19.0,,,,14.0,19.0,,,,,,8,,,,144
67,19.0,,,,14.0,19.0,,,,,,8,,,,144
68,19.0,,,,14.0,19.0,,,,,,8,,,,144
69,,,,,15.0,,,,,,,8,,,,144
70,,,,,15.0,,,,,,,8,,,,144
71,,,,,16.0,,,,,,,8,,,,144
72,,,,,16.0,,,,,,,9,,,,144
73,,,,,16.0,,,,,,,9,,,,144
74,,,,,17.0,,,,,,,9,,,,144
75,,,,,17.0,,,,,,,9,,,,144
76,,,,,17.0,,,,,,,9,,,,144
77,,,,,18.0,,,,,,,9,,,,144
78,,,,,18.0,,,,,,,9,,,,144
79,,,,,18.0,,,,,,,9,,,,144
80,,,,,19.0,,,,,,,9,,,,144
81,,,,,19.0,,,,,,,10,,,,144
82,,,,,19.0,,,,,,,10,,,,144
83,,,,,19.0,,,,,,,10,,,,144
84,,,,,19.0,,,,,,,10,,,,144
85,,,,,19.0,,,,,,,10,,,,144
86,,,,,19.0,,,,,,,11,,,,144
87,,,,,19.0,,,,,,,11,,,,144
88,,,,,19.0,,,,,,,11,,,,144
89,,,,,19.0,,,,,,,11,,,,144
90,,,,,19.0,,,,,,,12,,,,144
91,,,,,19.0,,,,,,,12,,,,144
92,,,,,19.0,,,,,,,12,,,,144
93,,,,,19.0,,,,,,,12,,,,144
94,,,,,19.0,,,,,,,12,,,,144
95,,,,,19.0,,,,,,,12,,,,144
96,,,,,19.0,,,,,,,12,,,,144
97,,,,,19.0,,,,,,,12,,,,144
98,,,,,19.0,,,,,,,12,,,,144
99,,,,,19.0,,,,,,,12,,,,144
100,,,,,19.0,,,,,,,13,,,,144
101,,,,,19.0,,,,,,,13,,,,144
102,,,,,19.0,,,,,,,13,,,,144
103,,,,,19.0,,,,,,,13,,,,144
104,,,,,19.0,,,,,,,13,,,,144
105,,,,,19.0,,,,,,,13,,,,144
106,,,,,19.0,,,,,,,13,,,,144
107,,,,,19.0,,,,,,,13,,,,144
108,,,,,19.0,,,,,,,14,,,,144
109,,,,,19.0,,,,,,,14,,,,144
110,,,,,19.0,,,,,,,14,,,,144
111,,,,,19.0,,,,,,,14,,,,144
112,,,,,19.0,,,,,,,14,,,,144
113,,,,,19.0,,,,,,,15,,,,144
114,,,,,19.0,,,,,,,15,,,,144
115,,,,,19.0,,,,,,,15,,,,144
116,,,,,19.0,,,,,,,15,,,,144
117,,,,,19.0,,,,,,,15,,,,144
118,,,,,19.0,,,,,,,16,,,,144
119,,,,,19.0,,,,,,,16,,,,144
120,,,,,,,,,,,,16,,,,144
121,,,,,,,,,,,,17,,,,144
122,,,,,,,,,,,,17,,,,144
123,,,,,,,,,,,,17,,,,144
124,,,,,,,,,,,,17,,,,144
125,,,,,,,,,,,,18,,,,144
126,,,,,,,,,,,,18,,,,144
127,,,,,,,,,,,,18,,,,144
128,,,,,,,,,,,,19,,,,144
129,,,,,,,,,,,,19,,,,144
130,,,,,,,,,,,,19,,,,144
131,,,,,,,,,,,,19,,,,144
132,,,,,,,,,,,,19,,,,144
133,,,,,,,,,,,,19,,,,144
134,,,,,,,,,,,,19,,,,144
135,,,,,,,,,,,,19,,,,144
136,,,,,,,,,,,,19,,,,144
0,1.0,1.0,1.0,1.0,1.0,1.0,1.0,1.0,1.0,1.0,1.0,1,1.0,1.0,1.0,156
1,1.0,1.0,1.0,1.0,1.0,1.0,1.0,1.0,1.0,1.0,1.0,1,1.0,1.0,1.0,156
2,1.0,2.0,1.0,1.0,1.0,1.0,1.0,1.0,1.0,1.0,1.0,1,1.0,1.0,1.0,156
3,1.0,3.0,1.0,1.0,1.0,1.0,1.0,1.0,1.0,1.0,1.0,1,1.0,1.0,2.0,156
4,1.0,3.0,1.0,1.0,1.0,1.0,1.0,1.0,1.0,1.0,1.0,1,1.0,1.0,3.0,156
5,1.0,4.0,1.0,1.0,1.0,1.0,1.0,1.0,1.0,1.0,1.0,1,1.0,1.0,4.0,156
6,2.0,4.0,1.0,1.0,1.0,1.0,1.0,1.0,1.0,1.0,1.0,1,1.0,2.0,5.0,156
7,2.0,5.0,1.0,1.0,1.0,1.0,1.0,2.0,1.0,1.0,1.0,1,1.0,2.0,5.0,156
8,2.0,5.0,2.0,1.0,1.0,1.0,2.0,3.0,1.0,1.0,1.0,1,1.0,3.0,6.0,156
9,3.0,5.0,3.0,2.0,1.0,1.0,3.0,4.0,1.0,1.0,1.0,1,1.0,3.0,6.0,156
10,3.0,5.0,4.0,3.0,1.0,1.0,4.0,5.0,1.0,2.0,1.0,1,2.0,3.0,6.0,156
11,4.0,6.0,5.0,4.0,1.0,1.0,5.0,5.0,1.0,3.0,2.0,1,3.0,4.0,6.0,156
12,4.0,6.0,6.0,5.0,1.0,1.0,5.0,5.0,2.0,4.0,2.0,1,4.0,4.0,7.0,156
13,5.0,6.0,7.0,6.0,1.0,1.0,6.0,6.0,3.0,4.0,3.0,1,5.0,5.0,8.0,156
14,5.0,6.0,8.0,7.0,1.0,1.0,6.0,6.0,4.0,5.0,3.0,1,6.0,5.0,9.0,156
15,5.0,6.0,9.0,8.0,1.0,1.0,7.0,6.0,5.0,5.0,4.0,1,7.0,5.0,10.0,156
16,6.0,7.0,9.0,9.0,1.0,2.0,8.0,6.0,6.0,6.0,5.0,1,8.0,6.0,11.0,156
17,6.0,7.0,10.0,9.0,1.0,2.0,9.0,7.0,6.0,6.0,5.0,1,9.0,6.0,12.0,156
18,6.0,8.0,11.0,10.0,1.0,3.0,10.0,7.0,7.0,6.0,6.0,1,9.0,7.0,13.0,156
19,6.0,8.0,12.0,11.0,1.0,3.0,11.0,7.0,7.0,6.0,6.0,1,10.0,7.0,14.0,156
20,6.0,9.0,13.0,11.0,1.0,3.0,12.0,8.0,7.0,7.0,6.0,1,11.0,7.0,15.0,156
21,6.0,9.0,14.0,12.0,1.0,4.0,13.0,9.0,8.0,7.0,7.0,1,12.0,8.0,16.0,156
22,6.0,9.0,15.0,13.0,2.0,4.0,14.0,9.0,8.0,7.0,8.0,1,12.0,9.0,17.0,156
23,6.0,10.0,16.0,14.0,2.0,5.0,15.0,10.0,9.0,8.0,8.0,1,13.0,9.0,18.0,156
24,7.0,10.0,17.0,15.0,2.0,5.0,16.0,10.0,9.0,8.0,9.0,1,14.0,9.0,19.0,156
25,7.0,10.0,18.0,16.0,3.0,6.0,17.0,11.0,9.0,9.0,9.0,1,15.0,10.0,,156
26,7.0,11.0,19.0,17.0,3.0,6.0,18.0,12.0,10.0,9.0,9.0,1,16.0,11.0,,156
27,7.0,11.0,19.0,18.0,3.0,7.0,19.0,13.0,11.0,9.0,9.0,1,17.0,12.0,,156
28,8.0,12.0,19.0,19.0,3.0,7.0,19.0,14.0,11.0,9.0,10.0,1,18.0,13.0,,156
29,8.0,13.0,19.0,,4.0,7.0,19.0,15.0,12.0,10.0,11.0,1,19.0,14.0,,156
30,8.0,13.0,19.0,,4.0,8.0,19.0,16.0,13.0,10.0,11.0,1,19.0,15.0,,156
31,8.0,13.0,19.0,,4.0,8.0,,17.0,13.0,11.0,12.0,1,19.0,16.0,,156
32,9.0,14.0,19.0,,5.0,8.0,,18.0,14.0,12.0,13.0,1,19.0,17.0,,156
33,9.0,15.0,,,5.0,9.0,,19.0,15.0,13.0,14.0,1,19.0,18.0,,156
34,9.0,15.0,,,5.0,9.0,,19.0,16.0,13.0,15.0,1,,19.0,,156
35,9.0,16.0,,,6.0,9.0,,19.0,17.0,13.0,16.0,1,,,,156
36,9.0,16.0,,,6.0,9.0,,,18.0,14.0,17.0,2,,,,156
37,9.0,17.0,,,7.0,10.0,,,18.0,14.0,18.0,2,,,,156
38,9.0,17.0,,,7.0,10.0,,,19.0,15.0,19.0,2,,,,156
39,9.0,18.0,,,7.0,10.0,,,19.0,15.0,,2,,,,156
40,10.0,18.0,,,7.0,10.0,,,19.0,16.0,,3,,,,156
41,10.0,19.0,,,8.0,11.0,,,19.0,16.0,,3,,,,156
42,10.0,19.0,,,8.0,11.0,,,19.0,17.0,,3,,,,156
43,10.0,19.0,,,8.0,12.0,,,,17.0,,3,,,,156
44,10.0,19.0,,,8.0,12.0,,,,18.0,,3,,,,156
45,10.0,,,,8.0,12.0,,,,18.0,,4,,,,156
46,11.0,,,,9.0,12.0,,,,19.0,,4,,,,156
47,11.0,,,,9.0,13.0,,,,19.0,,4,,,,156
48,12.0,,,,9.0,13.0,,,,19.0,,4,,,,156
49,12.0,,,,9.0,13.0,,,,19.0,,4,,,,156
50,12.0,,,,9.0,14.0,,,,19.0,,4,,,,156
51,13.0,,,,9.0,14.0,,,,19.0,,5,,,,156
52,13.0,,,,9.0,15.0,,,,19.0,,5,,,,156
53,13.0,,,,9.0,15.0,,,,19.0,,5,,,,156
54,13.0,,,,9.0,16.0,,,,19.0,,5,,,,156
55,14.0,,,,10.0,16.0,,,,19.0,,5,,,,156
56,14.0,,,,10.0,17.0,,,,19.0,,6,,,,156
57,15.0,,,,10.0,17.0,,,,19.0,,6,,,,156
58,15.0,,,,10.0,18.0,,,,19.0,,6,,,,156
59,16.0,,,,10.0,18.0,,,,19.0,,6,,,,156
60,17.0,,,,11.0,18.0,,,,19.0,,6,,,,156
61,18.0,,,,11.0,19.0,,,,,,6,,,,156
62,19.0,,,,11.0,19.0,,,,,,7,,,,156
63,19.0,,,,12.0,19.0,,,,,,7,,,,156
64,19.0,,,,12.0,19.0,,,,,,7,,,,156
65,19.0,,,,13.0,19.0,,,,,,7,,,,156
66,19.0,,,,13.0,19.0,,,,,,8,,,,156
67,19.0,,,,13.0,19.0,,,,,,8,,,,156
68,19.0,,,,13.0,19.0,,,,,,8,,,,156
69,,,,,13.0,,,,,,,8,,,,156
70,,,,,13.0,,,,,,,8,,,,156
71,,,,,14.0,,,,,,,8,,,,156
72,,,,,14.0,,,,,,,8,,,,156
73,,,,,14.0,,,,,,,9,,,,156
74,,,,,14.0,,,,,,,9,,,,156
75,,,,,15.0,,,,,,,9,,,,156
76,,,,,15.0,,,,,,,9,,,,156
77,,,,,15.0,,,,,,,9,,,,156
78,,,,,16.0,,,,,,,9,,,,156
79,,,,,16.0,,,,,,,9,,,,156
80,,,,,16.0,,,,,,,9,,,,156
81,,,,,17.0,,,,,,,9,,,,156
82,,,,,17.0,,,,,,,9,,,,156
83,,,,,18.0,,,,,,,9,,,,156
84,,,,,18.0,,,,,,,9,,,,156
85,,,,,19.0,,,,,,,10,,,,156
86,,,,,19.0,,,,,,,10,,,,156
87,,,,,19.0,,,,,,,10,,,,156
88,,,,,19.0,,,,,,,10,,,,156
89,,,,,19.0,,,,,,,10,,,,156
90,,,,,19.0,,,,,,,10,,,,156
91,,,,,19.0,,,,,,,10,,,,156
92,,,,,19.0,,,,,,,10,,,,156
93,,,,,19.0,,,,,,,11,,,,156
94,,,,,19.0,,,,,,,11,,,,156
95,,,,,19.0,,,,,,,11,,,,156
96,,,,,19.0,,,,,,,11,,,,156
97,,,,,19.0,,,,,,,12,,,,156
98,,,,,19.0,,,,,,,12,,,,156
99,,,,,19.0,,,,,,,12,,,,156
100,,,,,19.0,,,,,,,12,,,,156
101,,,,,19.0,,,,,,,12,,,,156
102,,,,,19.0,,,,,,,12,,,,156
103,,,,,19.0,,,,,,,12,,,,156
104,,,,,19.0,,,,,,,12,,,,156
105,,,,,19.0,,,,,,,13,,,,156
106,,,,,19.0,,,,,,,13,,,,156
107,,,,,19.0,,,,,,,13,,,,156
108,,,,,19.0,,,,,,,13,,,,156
109,,,,,19.0,,,,,,,13,,,,156
110,,,,,19.0,,,,,,,13,,,,156
111,,,,,19.0,,,,,,,13,,,,156
112,,,,,19.0,,,,,,,14,,,,156
113,,,,,19.0,,,,,,,14,,,,156
114,,,,,19.0,,,,,,,14,,,,156
115,,,,,19.0,,,,,,,14,,,,156
116,,,,,19.0,,,,,,,14,,,,156
117,,,,,19.0,,,,,,,14,,,,156
118,,,,,19.0,,,,,,,15,,,,156
119,,,,,19.0,,,,,,,15,,,,156
120,,,,,,,,,,,,15,,,,156
121,,,,,,,,,,,,15,,,,156
122,,,,,,,,,,,,15,,,,156
123,,,,,,,,,,,,16,,,,156
124,,,,,,,,,,,,16,,,,156
125,,,,,,,,,,,,16,,,,156
126,,,,,,,,,,,,17,,,,156
127,,,,,,,,,,,,17,,,,156
128,,,,,,,,,,,,18,,,,156
129,,,,,,,,,,,,18,,,,156
130,,,,,,,,,,,,19,,,,156
131,,,,,,,,,,,,19,,,,156
132,,,,,,,,,,,,19,,,,156
133,,,,,,,,,,,,19,,,,156
134,,,,,,,,,,,,19,,,,156
135,,,,,,,,,,,,19,,,,156
136,,,,,,,,,,,,19,,,,156
0,1.0,1.0,1.0,1.0,1.0,1.0,1.0,1.0,1.0,1.0,1.0,1,1.0,1.0,1.0,168
1,1.0,1.0,1.0,1.0,1.0,1.0,1.0,1.0,1.0,1.0,1.0,1,1.0,1.0,1.0,168
2,1.0,2.0,1.0,1.0,1.0,1.0,1.0,1.0,1.0,1.0,1.0,1,1.0,1.0,1.0,168
3,1.0,3.0,1.0,1.0,1.0,1.0,1.0,1.0,1.0,1.0,1.0,1,1.0,1.0,2.0,168
4,1.0,3.0,1.0,1.0,1.0,1.0,1.0,1.0,1.0,1.0,1.0,1,1.0,1.0,3.0,168
5,1.0,4.0,1.0,1.0,1.0,1.0,1.0,1.0,1.0,1.0,1.0,1,1.0,1.0,4.0,168
6,1.0,4.0,1.0,1.0,1.0,1.0,1.0,1.0,1.0,1.0,1.0,1,1.0,2.0,5.0,168
7,2.0,5.0,1.0,1.0,1.0,1.0,1.0,1.0,1.0,1.0,1.0,1,1.0,2.0,5.0,168
8,2.0,5.0,2.0,1.0,1.0,1.0,1.0,1.0,1.0,1.0,1.0,1,1.0,3.0,6.0,168
9,3.0,5.0,3.0,2.0,1.0,1.0,2.0,2.0,1.0,1.0,1.0,1,1.0,3.0,6.0,168
10,3.0,5.0,4.0,3.0,1.0,1.0,3.0,3.0,1.0,2.0,1.0,1,2.0,3.0,6.0,168
11,4.0,6.0,5.0,4.0,1.0,1.0,4.0,4.0,1.0,3.0,2.0,1,3.0,4.0,6.0,168
12,4.0,6.0,6.0,5.0,1.0,1.0,5.0,5.0,2.0,4.0,2.0,1,4.0,4.0,7.0,168
13,5.0,6.0,7.0,6.0,1.0,1.0,6.0,6.0,3.0,4.0,3.0,1,5.0,5.0,8.0,168
14,5.0,6.0,8.0,7.0,1.0,1.0,6.0,6.0,4.0,5.0,3.0,1,6.0,5.0,9.0,168
15,5.0,6.0,9.0,8.0,1.0,1.0,7.0,6.0,5.0,5.0,4.0,1,7.0,5.0,10.0,168
16,5.0,6.0,9.0,8.0,1.0,2.0,8.0,6.0,6.0,5.0,5.0,1,8.0,5.0,11.0,168
17,6.0,7.0,10.0,9.0,1.0,2.0,9.0,7.0,6.0,6.0,5.0,1,9.0,6.0,12.0,168
18,6.0,7.0,11.0,9.0,1.0,2.0,10.0,7.0,7.0,6.0,6.0,1,9.0,6.0,13.0,168
19,6.0,7.0,12.0,10.0,1.0,3.0,11.0,7.0,7.0,6.0,6.0,1,10.0,6.0,14.0,168
20,6.0,7.0,13.0,11.0,1.0,3.0,12.0,8.0,7.0,6.0,6.0,1,11.0,7.0,15.0,168
21,6.0,8.0,14.0,12.0,1.0,4.0,13.0,9.0,8.0,6.0,7.0,1,11.0,8.0,16.0,168
22,6.0,9.0,15.0,13.0,1.0,4.0,14.0,9.0,8.0,7.0,8.0,1,12.0,8.0,17.0,168
23,6.0,10.0,16.0,14.0,1.0,5.0,15.0,9.0,9.0,7.0,8.0,1,12.0,9.0,18.0,168
24,6.0,10.0,17.0,15.0,1.0,5.0,16.0,10.0,9.0,7.0,9.0,1,13.0,9.0,19.0,168
25,6.0,10.0,18.0,16.0,1.0,6.0,17.0,11.0,9.0,8.0,9.0,1,14.0,10.0,,168
26,6.0,11.0,19.0,17.0,1.0,6.0,18.0,11.0,9.0,8.0,9.0,1,15.0,11.0,,168
27,7.0,11.0,19.0,18.0,1.0,6.0,19.0,12.0,10.0,9.0,9.0,1,16.0,12.0,,168
28,7.0,12.0,19.0,19.0,2.0,6.0,19.0,12.0,11.0,9.0,10.0,1,17.0,13.0,,168
29,7.0,13.0,19.0,,2.0,7.0,19.0,13.0,12.0,10.0,11.0,1,18.0,14.0,,168
30,7.0,13.0,19.0,,2.0,7.0,19.0,14.0,13.0,10.0,11.0,1,19.0,15.0,,168
31,7.0,13.0,19.0,,3.0,7.0,,15.0,13.0,11.0,12.0,1,19.0,16.0,,168
32,7.0,14.0,19.0,,3.0,7.0,,16.0,14.0,11.0,13.0,1,19.0,17.0,,168
33,7.0,15.0,,,3.0,8.0,,17.0,15.0,12.0,14.0,1,19.0,18.0,,168
34,8.0,15.0,,,4.0,8.0,,18.0,16.0,12.0,15.0,1,,19.0,,168
35,8.0,16.0,,,4.0,8.0,,19.0,17.0,13.0,16.0,1,,,,168
36,8.0,16.0,,,4.0,9.0,,,18.0,13.0,17.0,1,,,,168
37,8.0,17.0,,,4.0,9.0,,,18.0,13.0,18.0,1,,,,168
38,9.0,17.0,,,5.0,9.0,,,19.0,13.0,19.0,1,,,,168
39,9.0,18.0,,,5.0,9.0,,,19.0,14.0,,1,,,,168
40,9.0,18.0,,,5.0,10.0,,,19.0,14.0,,1,,,,168
41,9.0,18.0,,,6.0,10.0,,,19.0,15.0,,1,,,,168
42,9.0,19.0,,,6.0,10.0,,,19.0,15.0,,2,,,,168
43,9.0,19.0,,,6.0,10.0,,,,16.0,,2,,,,168
44,9.0,19.0,,,6.0,11.0,,,,16.0,,2,,,,168
45,10.0,,,,7.0,11.0,,,,17.0,,2,,,,168
46,10.0,,,,7.0,12.0,,,,18.0,,2,,,,168
47,10.0,,,,7.0,12.0,,,,19.0,,2,,,,168
48,11.0,,,,8.0,13.0,,,,19.0,,3,,,,168
49,11.0,,,,8.0,13.0,,,,19.0,,3,,,,168
50,11.0,,,,8.0,14.0,,,,19.0,,3,,,,168
51,11.0,,,,8.0,14.0,,,,19.0,,3,,,,168
52,12.0,,,,9.0,15.0,,,,19.0,,4,,,,168
53,12.0,,,,9.0,15.0,,,,19.0,,4,,,,168
54,13.0,,,,9.0,16.0,,,,19.0,,4,,,,168
55,13.0,,,,9.0,16.0,,,,19.0,,4,,,,168
56,14.0,,,,9.0,17.0,,,,19.0,,5,,,,168
57,14.0,,,,9.0,17.0,,,,19.0,,5,,,,168
58,15.0,,,,9.0,18.0,,,,19.0,,5,,,,168
59,16.0,,,,9.0,18.0,,,,19.0,,5,,,,168
60,17.0,,,,10.0,18.0,,,,19.0,,6,,,,168
61,18.0,,,,10.0,19.0,,,,,,6,,,,168
62,19.0,,,,10.0,19.0,,,,,,6,,,,168
63,19.0,,,,10.0,19.0,,,,,,6,,,,168
64,19.0,,,,11.0,19.0,,,,,,6,,,,168
65,19.0,,,,11.0,19.0,,,,,,7,,,,168
66,19.0,,,,11.0,19.0,,,,,,7,,,,168
67,19.0,,,,12.0,19.0,,,,,,7,,,,168
68,19.0,,,,12.0,19.0,,,,,,7,,,,168
69,,,,,12.0,,,,,,,7,,,,168
70,,,,,13.0,,,,,,,7,,,,168
71,,,,,13.0,,,,,,,8,,,,168
72,,,,,13.0,,,,,,,8,,,,168
73,,,,,13.0,,,,,,,8,,,,168
74,,,,,13.0,,,,,,,8,,,,168
75,,,,,13.0,,,,,,,8,,,,168
76,,,,,14.0,,,,,,,8,,,,168
77,,,,,15.0,,,,,,,8,,,,168
78,,,,,16.0,,,,,,,9,,,,168
79,,,,,16.0,,,,,,,9,,,,168
80,,,,,16.0,,,,,,,9,,,,168
81,,,,,17.0,,,,,,,9,,,,168
82,,,,,17.0,,,,,,,9,,,,168
83,,,,,18.0,,,,,,,9,,,,168
84,,,,,18.0,,,,,,,9,,,,168
85,,,,,18.0,,,,,,,9,,,,168
86,,,,,18.0,,,,,,,9,,,,168
87,,,,,18.0,,,,,,,9,,,,168
88,,,,,18.0,,,,,,,9,,,,168
89,,,,,18.0,,,,,,,9,,,,168
90,,,,,19.0,,,,,,,10,,,,168
91,,,,,19.0,,,,,,,10,,,,168
92,,,,,19.0,,,,,,,10,,,,168
93,,,,,19.0,,,,,,,10,,,,168
94,,,,,19.0,,,,,,,10,,,,168
95,,,,,19.0,,,,,,,10,,,,168
96,,,,,19.0,,,,,,,11,,,,168
97,,,,,19.0,,,,,,,11,,,,168
98,,,,,19.0,,,,,,,11,,,,168
99,,,,,19.0,,,,,,,11,,,,168
100,,,,,19.0,,,,,,,12,,,,168
101,,,,,19.0,,,,,,,12,,,,168
102,,,,,19.0,,,,,,,12,,,,168
103,,,,,19.0,,,,,,,12,,,,168
104,,,,,19.0,,,,,,,12,,,,168
105,,,,,19.0,,,,,,,12,,,,168
106,,,,,19.0,,,,,,,13,,,,168
107,,,,,19.0,,,,,,,13,,,,168
108,,,,,19.0,,,,,,,13,,,,168
109,,,,,19.0,,,,,,,13,,,,168
110,,,,,19.0,,,,,,,13,,,,168
111,,,,,19.0,,,,,,,13,,,,168
112,,,,,19.0,,,,,,,13,,,,168
113,,,,,19.0,,,,,,,13,,,,168
114,,,,,19.0,,,,,,,13,,,,168
115,,,,,19.0,,,,,,,13,,,,168
116,,,,,19.0,,,,,,,14,,,,168
117,,,,,19.0,,,,,,,14,,,,168
118,,,,,19.0,,,,,,,14,,,,168
119,,,,,19.0,,,,,,,14,,,,168
120,,,,,,,,,,,,15,,,,168
121,,,,,,,,,,,,15,,,,168
122,,,,,,,,,,,,15,,,,168
123,,,,,,,,,,,,16,,,,168
124,,,,,,,,,,,,16,,,,168
125,,,,,,,,,,,,16,,,,168
126,,,,,,,,,,,,17,,,,168
127,,,,,,,,,,,,17,,,,168
128,,,,,,,,,,,,18,,,,168
129,,,,,,,,,,,,18,,,,168
130,,,,,,,,,,,,19,,,,168
131,,,,,,,,,,,,19,,,,168
132,,,,,,,,,,,,19,,,,168
133,,,,,,,,,,,,19,,,,168
134,,,,,,,,,,,,19,,,,168
135,,,,,,,,,,,,19,,,,168
136,,,,,,,,,,,,19,,,,168
0,1.0,1.0,1.0,1.0,1.0,1.0,1.0,1.0,1.0,1.0,1.0,1,1.0,1.0,1.0,180
1,1.0,1.0,1.0,1.0,1.0,1.0,1.0,1.0,1.0,1.0,1.0,1,1.0,1.0,1.0,180
2,1.0,1.0,1.0,1.0,1.0,1.0,1.0,1.0,1.0,1.0,1.0,1,1.0,1.0,1.0,180
3,1.0,1.0,1.0,1.0,1.0,1.0,1.0,1.0,1.0,1.0,1.0,1,1.0,1.0,2.0,180
4,1.0,1.0,1.0,1.0,1.0,1.0,1.0,1.0,1.0,1.0,1.0,1,1.0,1.0,3.0,180
5,1.0,2.0,1.0,1.0,1.0,1.0,1.0,1.0,1.0,1.0,1.0,1,1.0,1.0,4.0,180
6,1.0,2.0,1.0,1.0,1.0,1.0,1.0,1.0,1.0,1.0,1.0,1,1.0,1.0,5.0,180
7,1.0,3.0,1.0,1.0,1.0,1.0,1.0,1.0,1.0,1.0,1.0,1,1.0,2.0,5.0,180
8,1.0,3.0,2.0,1.0,1.0,1.0,1.0,1.0,1.0,1.0,1.0,1,1.0,2.0,6.0,180
9,2.0,4.0,3.0,2.0,1.0,1.0,1.0,2.0,1.0,1.0,1.0,1,1.0,3.0,6.0,180
10,2.0,4.0,4.0,3.0,1.0,1.0,2.0,3.0,1.0,1.0,1.0,1,2.0,3.0,6.0,180
11,3.0,5.0,5.0,4.0,1.0,1.0,3.0,4.0,1.0,1.0,1.0,1,3.0,4.0,7.0,180
12,3.0,5.0,6.0,5.0,1.0,1.0,4.0,5.0,1.0,1.0,1.0,1,4.0,4.0,8.0,180
13,3.0,5.0,7.0,6.0,1.0,1.0,5.0,5.0,2.0,1.0,2.0,1,5.0,5.0,8.0,180
14,3.0,6.0,8.0,6.0,1.0,1.0,6.0,6.0,3.0,1.0,2.0,1,6.0,5.0,9.0,180
15,4.0,6.0,9.0,7.0,1.0,1.0,7.0,6.0,4.0,2.0,3.0,1,6.0,5.0,10.0,180
16,4.0,6.0,9.0,8.0,1.0,2.0,8.0,6.0,5.0,3.0,3.0,1,6.0,5.0,11.0,180
17,4.0,7.0,10.0,9.0,1.0,2.0,9.0,6.0,5.0,4.0,4.0,1,7.0,5.0,12.0,180
18,4.0,7.0,11.0,9.0,1.0,2.0,9.0,6.0,6.0,4.0,4.0,1,8.0,6.0,13.0,180
19,4.0,7.0,12.0,10.0,1.0,3.0,10.0,7.0,6.0,5.0,5.0,1,8.0,6.0,14.0,180
20,5.0,7.0,12.0,11.0,1.0,3.0,11.0,7.0,7.0,5.0,5.0,1,9.0,6.0,15.0,180
21,5.0,8.0,13.0,12.0,1.0,4.0,12.0,8.0,7.0,6.0,5.0,1,9.0,6.0,16.0,180
22,5.0,8.0,14.0,13.0,1.0,4.0,13.0,8.0,7.0,6.0,6.0,1,10.0,7.0,17.0,180
23,5.0,9.0,15.0,14.0,1.0,5.0,14.0,9.0,8.0,7.0,6.0,1,11.0,8.0,18.0,180
24,5.0,9.0,16.0,15.0,1.0,5.0,15.0,9.0,8.0,7.0,7.0,1,12.0,9.0,19.0,180
25,6.0,10.0,17.0,16.0,1.0,5.0,16.0,10.0,9.0,7.0,7.0,1,13.0,10.0,,180
26,6.0,10.0,18.0,17.0,1.0,5.0,17.0,11.0,9.0,8.0,8.0,1,14.0,11.0,,180
27,6.0,10.0,18.0,18.0,1.0,6.0,18.0,11.0,10.0,8.0,8.0,1,15.0,12.0,,180
28,6.0,11.0,18.0,19.0,1.0,6.0,19.0,12.0,10.0,8.0,9.0,1,16.0,13.0,,180
29,6.0,12.0,19.0,,1.0,6.0,19.0,13.0,11.0,9.0,10.0,1,17.0,14.0,,180
30,7.0,13.0,19.0,,1.0,6.0,19.0,14.0,11.0,9.0,11.0,1,17.0,15.0,,180
31,7.0,13.0,19.0,,2.0,6.0,,15.0,12.0,9.0,12.0,1,18.0,16.0,,180
32,7.0,13.0,19.0,,2.0,6.0,,16.0,12.0,10.0,13.0,1,18.0,17.0,,180
33,7.0,14.0,,,2.0,7.0,,17.0,13.0,10.0,14.0,1,19.0,18.0,,180
34,7.0,15.0,,,2.0,7.0,,18.0,14.0,11.0,15.0,1,,19.0,,180
35,7.0,16.0,,,2.0,7.0,,19.0,15.0,11.0,16.0,1,,,,180
36,8.0,16.0,,,3.0,8.0,,,16.0,12.0,17.0,1,,,,180
37,8.0,17.0,,,3.0,8.0,,,17.0,12.0,18.0,1,,,,180
38,8.0,17.0,,,3.0,8.0,,,17.0,13.0,19.0,1,,,,180
39,8.0,18.0,,,4.0,8.0,,,18.0,13.0,,1,,,,180
40,9.0,18.0,,,4.0,9.0,,,19.0,14.0,,1,,,,180
41,9.0,18.0,,,4.0,9.0,,,19.0,15.0,,1,,,,180
42,9.0,18.0,,,5.0,9.0,,,19.0,15.0,,2,,,,180
43,9.0,19.0,,,5.0,9.0,,,,16.0,,2,,,,180
44,9.0,19.0,,,5.0,10.0,,,,16.0,,2,,,,180
45,10.0,,,,6.0,10.0,,,,17.0,,2,,,,180
46,10.0,,,,6.0,11.0,,,,17.0,,2,,,,180
47,10.0,,,,6.0,11.0,,,,18.0,,2,,,,180
48,11.0,,,,7.0,11.0,,,,18.0,,3,,,,180
49,11.0,,,,7.0,12.0,,,,18.0,,3,,,,180
50,11.0,,,,7.0,12.0,,,,18.0,,3,,,,180
51,11.0,,,,7.0,12.0,,,,19.0,,3,,,,180
52,12.0,,,,7.0,13.0,,,,19.0,,4,,,,180
53,12.0,,,,7.0,13.0,,,,19.0,,4,,,,180
54,12.0,,,,8.0,13.0,,,,19.0,,4,,,,180
55,13.0,,,,8.0,13.0,,,,19.0,,4,,,,180
56,13.0,,,,8.0,14.0,,,,19.0,,4,,,,180
57,13.0,,,,8.0,14.0,,,,19.0,,4,,,,180
58,14.0,,,,8.0,15.0,,,,19.0,,4,,,,180
59,15.0,,,,9.0,15.0,,,,19.0,,5,,,,180
60,16.0,,,,9.0,16.0,,,,19.0,,5,,,,180
61,17.0,,,,9.0,16.0,,,,,,5,,,,180
62,18.0,,,,9.0,17.0,,,,,,5,,,,180
63,19.0,,,,9.0,17.0,,,,,,5,,,,180
64,19.0,,,,9.0,18.0,,,,,,5,,,,180
65,19.0,,,,10.0,19.0,,,,,,6,,,,180
66,19.0,,,,10.0,19.0,,,,,,6,,,,180
67,19.0,,,,10.0,19.0,,,,,,6,,,,180
68,19.0,,,,10.0,19.0,,,,,,6,,,,180
69,,,,,10.0,,,,,,,6,,,,180
70,,,,,10.0,,,,,,,6,,,,180
71,,,,,11.0,,,,,,,7,,,,180
72,,,,,11.0,,,,,,,7,,,,180
73,,,,,11.0,,,,,,,7,,,,180
74,,,,,12.0,,,,,,,7,,,,180
75,,,,,12.0,,,,,,,7,,,,180
76,,,,,12.0,,,,,,,8,,,,180
77,,,,,13.0,,,,,,,8,,,,180
78,,,,,13.0,,,,,,,8,,,,180
79,,,,,13.0,,,,,,,8,,,,180
80,,,,,13.0,,,,,,,8,,,,180
81,,,,,13.0,,,,,,,8,,,,180
82,,,,,14.0,,,,,,,8,,,,180
83,,,,,14.0,,,,,,,8,,,,180
84,,,,,15.0,,,,,,,8,,,,180
85,,,,,15.0,,,,,,,9,,,,180
86,,,,,16.0,,,,,,,9,,,,180
87,,,,,16.0,,,,,,,9,,,,180
88,,,,,16.0,,,,,,,9,,,,180
89,,,,,17.0,,,,,,,9,,,,180
90,,,,,17.0,,,,,,,9,,,,180
91,,,,,17.0,,,,,,,9,,,,180
92,,,,,17.0,,,,,,,9,,,,180
93,,,,,18.0,,,,,,,9,,,,180
94,,,,,18.0,,,,,,,10,,,,180
95,,,,,18.0,,,,,,,10,,,,180
96,,,,,18.0,,,,,,,10,,,,180
97,,,,,18.0,,,,,,,10,,,,180
98,,,,,18.0,,,,,,,10,,,,180
99,,,,,18.0,,,,,,,10,,,,180
100,,,,,19.0,,,,,,,11,,,,180
101,,,,,19.0,,,,,,,11,,,,180
102,,,,,19.0,,,,,,,11,,,,180
103,,,,,19.0,,,,,,,11,,,,180
104,,,,,19.0,,,,,,,12,,,,180
105,,,,,19.0,,,,,,,12,,,,180
106,,,,,19.0,,,,,,,12,,,,180
107,,,,,19.0,,,,,,,12,,,,180
108,,,,,19.0,,,,,,,12,,,,180
109,,,,,19.0,,,,,,,12,,,,180
110,,,,,19.0,,,,,,,13,,,,180
111,,,,,19.0,,,,,,,13,,,,180
112,,,,,19.0,,,,,,,13,,,,180
113,,,,,19.0,,,,,,,13,,,,180
114,,,,,19.0,,,,,,,13,,,,180
115,,,,,19.0,,,,,,,13,,,,180
116,,,,,19.0,,,,,,,13,,,,180
117,,,,,19.0,,,,,,,13,,,,180
118,,,,,19.0,,,,,,,13,,,,180
119,,,,,19.0,,,,,,,14,,,,180
120,,,,,,,,,,,,14,,,,180
121,,,,,,,,,,,,14,,,,180
122,,,,,,,,,,,,15,,,,180
123,,,,,,,,,,,,15,,,,180
124,,,,,,,,,,,,16,,,,180
125,,,,,,,,,,,,16,,,,180
126,,,,,,,,,,,,17,,,,180
127,,,,,,,,,,,,17,,,,180
128,,,,,,,,,,,,18,,,,180
129,,,,,,,,,,,,18,,,,180
130,,,,,,,,,,,,19,,,,180
131,,,,,,,,,,,,19,,,,180
132,,,,,,,,,,,,19,,,,180
133,,,,,,,,,,,,19,,,,180
134,,,,,,,,,,,,19,,,,180
135,,,,,,,,,,,,19,,,,180
136,,,,,,,,,,,,19,,,,180
0,1.0,1.0,1.0,1.0,1.0,1.0,1.0,1.0,1.0,1.0,1.0,1,1.0,1.0,1.0,192
1,1.0,1.0,1.0,1.0,1.0,1.0,1.0,1.0,1.0,1.0,1.0,1,1.0,1.0,1.0,192
2,1.0,1.0,1.0,1.0,1.0,1.0,1.0,1.0,1.0,1.0,1.0,1,1.0,1.0,1.0,192
3,1.0,1.0,1.0,1.0,1.0,1.0,1.0,1.0,1.0,1.0,1.0,1,1.0,1.0,1.0,192
4,1.0,1.0,1.0,1.0,1.0,1.0,1.0,1.0,1.0,1.0,1.0,1,1.0,1.0,2.0,192
5,1.0,2.0,1.0,1.0,1.0,1.0,1.0,1.0,1.0,1.0,1.0,1,1.0,1.0,3.0,192
6,1.0,2.0,1.0,1.0,1.0,1.0,1.0,1.0,1.0,1.0,1.0,1,1.0,1.0,4.0,192
7,1.0,3.0,1.0,1.0,1.0,1.0,1.0,1.0,1.0,1.0,1.0,1,1.0,1.0,5.0,192
8,1.0,3.0,2.0,1.0,1.0,1.0,1.0,1.0,1.0,1.0,1.0,1,1.0,2.0,5.0,192
9,1.0,4.0,3.0,1.0,1.0,1.0,1.0,2.0,1.0,1.0,1.0,1,1.0,2.0,6.0,192
10,1.0,4.0,4.0,2.0,1.0,1.0,2.0,3.0,1.0,1.0,1.0,1,1.0,3.0,6.0,192
11,1.0,5.0,5.0,3.0,1.0,1.0,3.0,4.0,1.0,1.0,1.0,1,1.0,4.0,7.0,192
12,2.0,5.0,6.0,4.0,1.0,1.0,4.0,5.0,1.0,1.0,1.0,1,2.0,4.0,7.0,192
13,2.0,5.0,6.0,5.0,1.0,1.0,5.0,5.0,1.0,1.0,2.0,1,3.0,5.0,8.0,192
14,2.0,6.0,6.0,6.0,1.0,1.0,6.0,6.0,1.0,1.0,2.0,1,4.0,5.0,9.0,192
15,3.0,6.0,7.0,6.0,1.0,1.0,6.0,6.0,2.0,2.0,3.0,1,5.0,5.0,10.0,192
16,3.0,6.0,8.0,7.0,1.0,1.0,6.0,6.0,3.0,3.0,3.0,1,6.0,5.0,11.0,192
17,4.0,6.0,9.0,8.0,1.0,1.0,7.0,6.0,4.0,4.0,4.0,1,7.0,5.0,12.0,192
18,4.0,6.0,10.0,9.0,1.0,1.0,8.0,6.0,5.0,4.0,4.0,1,8.0,6.0,13.0,192
19,4.0,6.0,11.0,10.0,1.0,1.0,9.0,7.0,6.0,5.0,5.0,1,8.0,6.0,14.0,192
20,5.0,7.0,12.0,11.0,1.0,1.0,10.0,7.0,6.0,5.0,5.0,1,9.0,6.0,15.0,192
21,5.0,7.0,12.0,12.0,1.0,2.0,11.0,8.0,7.0,6.0,5.0,1,9.0,6.0,16.0,192
22,5.0,7.0,13.0,13.0,1.0,2.0,12.0,8.0,7.0,6.0,6.0,1,10.0,7.0,17.0,192
23,5.0,8.0,14.0,14.0,1.0,2.0,13.0,9.0,8.0,7.0,6.0,1,11.0,8.0,18.0,192
24,5.0,9.0,15.0,15.0,1.0,3.0,14.0,9.0,8.0,7.0,6.0,1,11.0,9.0,19.0,192
25,6.0,10.0,16.0,16.0,1.0,3.0,15.0,10.0,9.0,7.0,7.0,1,12.0,10.0,,192
26,6.0,10.0,17.0,17.0,1.0,3.0,16.0,11.0,9.0,8.0,8.0,1,12.0,11.0,,192
27,6.0,10.0,18.0,18.0,1.0,3.0,17.0,11.0,9.0,8.0,8.0,1,13.0,12.0,,192
28,6.0,11.0,19.0,19.0,1.0,4.0,18.0,12.0,9.0,8.0,9.0,1,14.0,13.0,,192
29,6.0,11.0,19.0,,1.0,4.0,19.0,13.0,10.0,9.0,10.0,1,15.0,14.0,,192
30,7.0,12.0,19.0,,1.0,4.0,19.0,14.0,10.0,9.0,11.0,1,16.0,15.0,,192
31,7.0,12.0,19.0,,2.0,4.0,,15.0,10.0,9.0,12.0,1,17.0,16.0,,192
32,7.0,12.0,19.0,,2.0,5.0,,16.0,11.0,10.0,13.0,1,18.0,17.0,,192
33,7.0,13.0,,,2.0,5.0,,17.0,12.0,10.0,14.0,1,19.0,18.0,,192
34,7.0,13.0,,,2.0,6.0,,18.0,13.0,11.0,15.0,1,,19.0,,192
35,7.0,14.0,,,2.0,6.0,,19.0,13.0,11.0,16.0,1,,,,192
36,8.0,15.0,,,3.0,7.0,,,14.0,12.0,17.0,1,,,,192
37,8.0,16.0,,,3.0,7.0,,,15.0,12.0,18.0,1,,,,192
38,8.0,17.0,,,3.0,7.0,,,16.0,13.0,19.0,1,,,,192
39,8.0,18.0,,,4.0,8.0,,,17.0,13.0,,1,,,,192
40,9.0,18.0,,,4.0,8.0,,,18.0,14.0,,1,,,,192
41,9.0,18.0,,,4.0,9.0,,,19.0,15.0,,1,,,,192
42,9.0,18.0,,,5.0,9.0,,,19.0,15.0,,1,,,,192
43,9.0,19.0,,,5.0,9.0,,,,16.0,,1,,,,192
44,9.0,19.0,,,5.0,10.0,,,,16.0,,1,,,,192
45,9.0,,,,6.0,10.0,,,,17.0,,1,,,,192
46,10.0,,,,6.0,11.0,,,,17.0,,2,,,,192
47,10.0,,,,6.0,11.0,,,,18.0,,2,,,,192
48,10.0,,,,6.0,11.0,,,,18.0,,3,,,,192
49,10.0,,,,6.0,12.0,,,,18.0,,3,,,,192
50,10.0,,,,7.0,12.0,,,,18.0,,3,,,,192
51,11.0,,,,7.0,12.0,,,,19.0,,3,,,,192
52,12.0,,,,7.0,13.0,,,,19.0,,4,,,,192
53,12.0,,,,7.0,13.0,,,,19.0,,4,,,,192
54,12.0,,,,7.0,13.0,,,,19.0,,4,,,,192
55,13.0,,,,7.0,13.0,,,,19.0,,4,,,,192
56,13.0,,,,7.0,14.0,,,,19.0,,4,,,,192
57,13.0,,,,8.0,14.0,,,,19.0,,4,,,,192
58,14.0,,,,8.0,15.0,,,,19.0,,4,,,,192
59,15.0,,,,8.0,15.0,,,,19.0,,5,,,,192
60,16.0,,,,9.0,16.0,,,,19.0,,5,,,,192
61,17.0,,,,9.0,16.0,,,,,,5,,,,192
62,18.0,,,,9.0,17.0,,,,,,5,,,,192
63,19.0,,,,9.0,17.0,,,,,,5,,,,192
64,19.0,,,,9.0,18.0,,,,,,5,,,,192
65,19.0,,,,9.0,18.0,,,,,,6,,,,192
66,19.0,,,,10.0,18.0,,,,,,6,,,,192
67,19.0,,,,10.0,19.0,,,,,,6,,,,192
68,19.0,,,,10.0,19.0,,,,,,6,,,,192
69,,,,,10.0,,,,,,,6,,,,192
70,,,,,10.0,,,,,,,6,,,,192
71,,,,,10.0,,,,,,,6,,,,192
72,,,,,10.0,,,,,,,6,,,,192
73,,,,,11.0,,,,,,,6,,,,192
74,,,,,11.0,,,,,,,6,,,,192
75,,,,,12.0,,,,,,,7,,,,192
76,,,,,12.0,,,,,,,7,,,,192
77,,,,,13.0,,,,,,,7,,,,192
78,,,,,13.0,,,,,,,7,,,,192
79,,,,,13.0,,,,,,,7,,,,192
80,,,,,13.0,,,,,,,7,,,,192
81,,,,,13.0,,,,,,,7,,,,192
82,,,,,14.0,,,,,,,8,,,,192
83,,,,,14.0,,,,,,,8,,,,192
84,,,,,15.0,,,,,,,8,,,,192
85,,,,,15.0,,,,,,,8,,,,192
86,,,,,16.0,,,,,,,9,,,,192
87,,,,,16.0,,,,,,,9,,,,192
88,,,,,16.0,,,,,,,9,,,,192
89,,,,,17.0,,,,,,,9,,,,192
90,,,,,17.0,,,,,,,9,,,,192
91,,,,,17.0,,,,,,,9,,,,192
92,,,,,17.0,,,,,,,9,,,,192
93,,,,,18.0,,,,,,,9,,,,192
94,,,,,18.0,,,,,,,9,,,,192
95,,,,,18.0,,,,,,,10,,,,192
96,,,,,18.0,,,,,,,10,,,,192
97,,,,,18.0,,,,,,,10,,,,192
98,,,,,18.0,,,,,,,10,,,,192
99,,,,,18.0,,,,,,,10,,,,192
100,,,,,18.0,,,,,,,11,,,,192
101,,,,,18.0,,,,,,,11,,,,192
102,,,,,18.0,,,,,,,11,,,,192
103,,,,,18.0,,,,,,,11,,,,192
104,,,,,18.0,,,,,,,12,,,,192
105,,,,,19.0,,,,,,,12,,,,192
106,,,,,19.0,,,,,,,12,,,,192
107,,,,,19.0,,,,,,,12,,,,192
108,,,,,19.0,,,,,,,12,,,,192
109,,,,,19.0,,,,,,,12,,,,192
110,,,,,19.0,,,,,,,13,,,,192
111,,,,,19.0,,,,,,,13,,,,192
112,,,,,19.0,,,,,,,13,,,,192
113,,,,,19.0,,,,,,,13,,,,192
114,,,,,19.0,,,,,,,13,,,,192
115,,,,,19.0,,,,,,,13,,,,192
116,,,,,19.0,,,,,,,13,,,,192
117,,,,,19.0,,,,,,,13,,,,192
118,,,,,19.0,,,,,,,13,,,,192
119,,,,,19.0,,,,,,,14,,,,192
120,,,,,,,,,,,,14,,,,192
121,,,,,,,,,,,,14,,,,192
122,,,,,,,,,,,,15,,,,192
123,,,,,,,,,,,,15,,,,192
124,,,,,,,,,,,,16,,,,192
125,,,,,,,,,,,,16,,,,192
126,,,,,,,,,,,,17,,,,192
127,,,,,,,,,,,,17,,,,192
128,,,,,,,,,,,,18,,,,192
129,,,,,,,,,,,,18,,,,192
130,,,,,,,,,,,,18,,,,192
131,,,,,,,,,,,,18,,,,192
132,,,,,,,,,,,,19,,,,192
133,,,,,,,,,,,,19,,,,192
134,,,,,,,,,,,,19,,,,192
135,,,,,,,,,,,,19,,,,192
136,,,,,,,,,,,,19,,,,192
